ISO-10303-21;
HEADER;
/* Generated by software containing ST-Developer
 * from STEP Tools, Inc. (www.steptools.com) 
 */
/* OPTION: strings as raw bytes, not using required /X/ escapes */

FILE_DESCRIPTION(
/* description */ ('Unknown'),
/* implementation_level */ '2;1');

FILE_NAME(
/* name */ '7767',
/* time_stamp */ '2023-08-30T10:18:44+02:00',
/* author */ ('Unknown'),
/* organization */ ('Unknown'),
/* preprocessor_version */ 'ST-DEVELOPER v18.102',
/* originating_system */ 'Solid Edge',
/* authorisation */ 'Unknown');

FILE_SCHEMA (('AUTOMOTIVE_DESIGN {1 0 10303 214 3 1 1}'));
ENDSEC;

DATA;
#10=PROPERTY_DEFINITION_REPRESENTATION(#14,#12);
#11=PROPERTY_DEFINITION_REPRESENTATION(#15,#13);
#12=REPRESENTATION('',(#16),#3621);
#13=REPRESENTATION('',(#17),#3621);
#14=PROPERTY_DEFINITION('pmi validation property','',#3626);
#15=PROPERTY_DEFINITION('pmi validation property','',#3626);
#16=VALUE_REPRESENTATION_ITEM('number of annotations',COUNT_MEASURE(0.));
#17=VALUE_REPRESENTATION_ITEM('number of views',COUNT_MEASURE(0.));
#18=SHAPE_REPRESENTATION_RELATIONSHIP('','',#1413,#19);
#19=ADVANCED_BREP_SHAPE_REPRESENTATION('',(#1411),#3621);
#20=TOROIDAL_SURFACE('',#1514,0.6,0.1);
#21=TOROIDAL_SURFACE('',#1522,0.6,0.1);
#22=TOROIDAL_SURFACE('',#1524,0.9,0.1);
#23=TOROIDAL_SURFACE('',#1534,0.9,0.1);
#24=TOROIDAL_SURFACE('',#1556,0.6,0.1);
#25=TOROIDAL_SURFACE('',#1562,0.9,0.1);
#26=TOROIDAL_SURFACE('',#1564,0.6,0.1);
#27=TOROIDAL_SURFACE('',#1572,0.9,0.1);
#28=SPHERICAL_SURFACE('',#1505,0.1);
#29=SPHERICAL_SURFACE('',#1516,0.1);
#30=SPHERICAL_SURFACE('',#1532,0.1);
#31=SPHERICAL_SURFACE('',#1540,0.1);
#32=SPHERICAL_SURFACE('',#1545,0.1);
#33=SPHERICAL_SURFACE('',#1554,0.1);
#34=SPHERICAL_SURFACE('',#1574,0.1);
#35=SPHERICAL_SURFACE('',#1580,0.1);
#36=(
BOUNDED_SURFACE()
B_SPLINE_SURFACE(1,2,((#2761,#2762,#2763,#2764,#2765,#2766,#2767,#2768,
#2769,#2770,#2771,#2772,#2773,#2774,#2775,#2776,#2777,#2778,#2779,#2780,
#2781,#2782,#2783,#2784,#2785,#2786,#2787,#2788,#2789,#2790,#2791,#2792,
#2793,#2794,#2795,#2796,#2797,#2798,#2799,#2800,#2801,#2802,#2803,#2804,
#2805,#2806,#2807,#2808,#2809,#2810,#2811,#2812,#2813,#2814,#2815,#2816,
#2817,#2818,#2819,#2820,#2821,#2822,#2823,#2824,#2825,#2826,#2827,#2828,
#2829,#2830,#2831,#2832,#2833,#2834,#2835,#2836,#2837,#2838,#2839,#2840,
#2841,#2842,#2843,#2844,#2845,#2846,#2847,#2848,#2849,#2850,#2851,#2852,
#2853,#2854,#2855,#2856,#2857),(#2858,#2859,#2860,#2861,#2862,#2863,#2864,
#2865,#2866,#2867,#2868,#2869,#2870,#2871,#2872,#2873,#2874,#2875,#2876,
#2877,#2878,#2879,#2880,#2881,#2882,#2883,#2884,#2885,#2886,#2887,#2888,
#2889,#2890,#2891,#2892,#2893,#2894,#2895,#2896,#2897,#2898,#2899,#2900,
#2901,#2902,#2903,#2904,#2905,#2906,#2907,#2908,#2909,#2910,#2911,#2912,
#2913,#2914,#2915,#2916,#2917,#2918,#2919,#2920,#2921,#2922,#2923,#2924,
#2925,#2926,#2927,#2928,#2929,#2930,#2931,#2932,#2933,#2934,#2935,#2936,
#2937,#2938,#2939,#2940,#2941,#2942,#2943,#2944,#2945,#2946,#2947,#2948,
#2949,#2950,#2951,#2952,#2953,#2954)),.UNSPECIFIED.,.F.,.F.,.F.)
B_SPLINE_SURFACE_WITH_KNOTS((2,2),(3,2,2,2,2,2,2,2,2,2,2,2,2,2,2,2,2,2,
2,2,2,2,2,2,2,2,2,2,2,2,2,2,2,2,2,2,2,2,2,2,2,2,2,2,2,2,2,2,3),(0.,1.),
(0.0596950832292589,0.0612244897959184,0.0714285714285714,0.0816326530612245,
0.0918367346938776,0.102040816326531,0.112244897959184,0.122448979591837,
0.13265306122449,0.142857142857143,0.153061224489796,0.163265306122449,
0.173469387755102,0.183673469387755,0.193877551020408,0.204081632653061,
0.214285714285714,0.224489795918367,0.23469387755102,0.244897959183673,
0.255102040816327,0.26530612244898,0.275510204081633,0.285714285714286,
0.295918367346939,0.306122448979592,0.316326530612245,0.326530612244898,
0.336734693877551,0.346938775510204,0.357142857142857,0.36734693877551,
0.377551020408163,0.387755102040816,0.397959183673469,0.408163265306122,
0.418367346938776,0.428571428571429,0.438775510204082,0.448979591836735,
0.459183673469388,0.469387755102041,0.479591836734694,0.489795918367347,
0.5,0.510204081632653,0.520408163265306,0.530612244897959,0.536381291284358),
 .PIECEWISE_BEZIER_KNOTS.)
GEOMETRIC_REPRESENTATION_ITEM()
RATIONAL_B_SPLINE_SURFACE(((0.993610765707482,0.9962421492566,1.,0.974927912181824,
1.,0.974927912181824,1.,0.974927912181824,1.,0.974927912181824,1.,0.974927912181824,
1.,0.974927912181824,1.,0.974927912181824,1.,0.974927912181824,1.,0.974927912181824,
1.,0.974927912181824,1.,0.974927912181824,1.,0.974927912181824,1.,0.974927912181824,
1.,0.974927912181824,1.,0.974927912181824,1.,0.974927912181824,1.,0.974927912181824,
1.,0.974927912181824,1.,0.974927912181824,1.,0.974927912181824,1.,0.974927912181824,
1.,0.974927912181824,1.,0.974927912181824,1.,0.974927912181824,1.,0.974927912181824,
1.,0.974927912181824,1.,0.974927912181824,1.,0.974927912181824,1.,0.974927912181824,
1.,0.974927912181824,1.,0.974927912181824,1.,0.974927912181824,1.,0.974927912181824,
1.,0.974927912181824,1.,0.974927912181824,1.,0.974927912181824,1.,0.974927912181824,
1.,0.974927912181824,1.,0.974927912181824,1.,0.974927912181824,1.,0.974927912181824,
1.,0.974927912181824,1.,0.974927912181824,1.,0.974927912181824,1.,0.974927912181824,
1.,0.974927912181824,1.,0.985825080312562,0.987678211388384),(0.993610765707482,
0.9962421492566,1.,0.974927912181824,1.,0.974927912181824,1.,0.974927912181824,
1.,0.974927912181824,1.,0.974927912181824,1.,0.974927912181824,1.,0.974927912181824,
1.,0.974927912181824,1.,0.974927912181824,1.,0.974927912181824,1.,0.974927912181824,
1.,0.974927912181824,1.,0.974927912181824,1.,0.974927912181824,1.,0.974927912181824,
1.,0.974927912181824,1.,0.974927912181824,1.,0.974927912181824,1.,0.974927912181824,
1.,0.974927912181824,1.,0.974927912181824,1.,0.974927912181824,1.,0.974927912181824,
1.,0.974927912181824,1.,0.974927912181824,1.,0.974927912181824,1.,0.974927912181824,
1.,0.974927912181824,1.,0.974927912181824,1.,0.974927912181824,1.,0.974927912181824,
1.,0.974927912181824,1.,0.974927912181824,1.,0.974927912181824,1.,0.974927912181824,
1.,0.974927912181824,1.,0.974927912181824,1.,0.974927912181824,1.,0.974927912181824,
1.,0.974927912181824,1.,0.974927912181824,1.,0.974927912181824,1.,0.974927912181824,
1.,0.974927912181824,1.,0.974927912181824,1.,0.974927912181824,1.,0.985825080312562,
0.987678211388384)))
REPRESENTATION_ITEM('')
SURFACE()
);
#37=(
BOUNDED_SURFACE()
B_SPLINE_SURFACE(1,2,((#3350,#3351,#3352,#3353,#3354,#3355,#3356,#3357,
#3358,#3359,#3360,#3361,#3362,#3363,#3364,#3365,#3366,#3367,#3368,#3369,
#3370,#3371,#3372,#3373,#3374,#3375,#3376,#3377,#3378,#3379,#3380,#3381,
#3382,#3383,#3384,#3385,#3386,#3387,#3388,#3389,#3390,#3391,#3392,#3393,
#3394,#3395,#3396,#3397,#3398,#3399,#3400,#3401,#3402,#3403,#3404,#3405,
#3406,#3407,#3408,#3409,#3410,#3411,#3412,#3413,#3414,#3415,#3416,#3417,
#3418,#3419,#3420,#3421,#3422,#3423,#3424,#3425,#3426,#3427,#3428,#3429,
#3430,#3431,#3432,#3433,#3434,#3435,#3436,#3437,#3438,#3439,#3440,#3441,
#3442,#3443,#3444),(#3445,#3446,#3447,#3448,#3449,#3450,#3451,#3452,#3453,
#3454,#3455,#3456,#3457,#3458,#3459,#3460,#3461,#3462,#3463,#3464,#3465,
#3466,#3467,#3468,#3469,#3470,#3471,#3472,#3473,#3474,#3475,#3476,#3477,
#3478,#3479,#3480,#3481,#3482,#3483,#3484,#3485,#3486,#3487,#3488,#3489,
#3490,#3491,#3492,#3493,#3494,#3495,#3496,#3497,#3498,#3499,#3500,#3501,
#3502,#3503,#3504,#3505,#3506,#3507,#3508,#3509,#3510,#3511,#3512,#3513,
#3514,#3515,#3516,#3517,#3518,#3519,#3520,#3521,#3522,#3523,#3524,#3525,
#3526,#3527,#3528,#3529,#3530,#3531,#3532,#3533,#3534,#3535,#3536,#3537,
#3538,#3539)),.UNSPECIFIED.,.F.,.F.,.F.)
B_SPLINE_SURFACE_WITH_KNOTS((2,2),(3,2,2,2,2,2,2,2,2,2,2,2,2,2,2,2,2,2,
2,2,2,2,2,2,2,2,2,2,2,2,2,2,2,2,2,2,2,2,2,2,2,2,2,2,2,2,2,3),(0.,1.),(0.,
0.0102040816326531,0.0204081632653061,0.0306122448979592,0.0408163265306122,
0.0510204081632653,0.0612244897959184,0.0714285714285714,0.0816326530612245,
0.0918367346938776,0.102040816326531,0.112244897959184,0.122448979591837,
0.13265306122449,0.142857142857143,0.153061224489796,0.163265306122449,
0.173469387755102,0.183673469387755,0.193877551020408,0.204081632653061,
0.214285714285714,0.224489795918367,0.23469387755102,0.244897959183673,
0.255102040816327,0.26530612244898,0.275510204081633,0.285714285714286,
0.295918367346939,0.306122448979592,0.316326530612245,0.326530612244898,
0.336734693877551,0.346938775510204,0.357142857142857,0.36734693877551,
0.377551020408163,0.387755102040816,0.397959183673469,0.408163265306122,
0.418367346938776,0.428571428571429,0.438775510204082,0.448979591836735,
0.459183673469388,0.469387755102041,0.473882687748601),
 .PIECEWISE_BEZIER_KNOTS.)
GEOMETRIC_REPRESENTATION_ITEM()
RATIONAL_B_SPLINE_SURFACE(((1.,0.974927912181824,1.,0.974927912181824,1.,
0.974927912181824,1.,0.974927912181824,1.,0.974927912181824,1.,0.974927912181824,
1.,0.974927912181824,1.,0.974927912181824,1.,0.974927912181824,1.,0.974927912181824,
1.,0.974927912181824,1.,0.974927912181824,1.,0.974927912181824,1.,0.974927912181824,
1.,0.974927912181824,1.,0.974927912181824,1.,0.974927912181824,1.,0.974927912181824,
1.,0.974927912181824,1.,0.974927912181824,1.,0.974927912181824,1.,0.974927912181824,
1.,0.974927912181824,1.,0.974927912181824,1.,0.974927912181824,1.,0.974927912181824,
1.,0.974927912181824,1.,0.974927912181824,1.,0.974927912181824,1.,0.974927912181824,
1.,0.974927912181824,1.,0.974927912181824,1.,0.974927912181824,1.,0.974927912181824,
1.,0.974927912181824,1.,0.974927912181824,1.,0.974927912181824,1.,0.974927912181824,
1.,0.974927912181824,1.,0.974927912181824,1.,0.974927912181824,1.,0.974927912181824,
1.,0.974927912181824,1.,0.974927912181824,1.,0.974927912181824,1.,0.974927912181824,
1.,0.988955660086968,0.987641458724756),(1.,0.974927912181824,1.,0.974927912181824,
1.,0.974927912181824,1.,0.974927912181824,1.,0.974927912181824,1.,0.974927912181824,
1.,0.974927912181824,1.,0.974927912181824,1.,0.974927912181824,1.,0.974927912181824,
1.,0.974927912181824,1.,0.974927912181824,1.,0.974927912181824,1.,0.974927912181824,
1.,0.974927912181824,1.,0.974927912181824,1.,0.974927912181824,1.,0.974927912181824,
1.,0.974927912181824,1.,0.974927912181824,1.,0.974927912181824,1.,0.974927912181824,
1.,0.974927912181824,1.,0.974927912181824,1.,0.974927912181824,1.,0.974927912181824,
1.,0.974927912181824,1.,0.974927912181824,1.,0.974927912181824,1.,0.974927912181824,
1.,0.974927912181824,1.,0.974927912181824,1.,0.974927912181824,1.,0.974927912181824,
1.,0.974927912181824,1.,0.974927912181824,1.,0.974927912181824,1.,0.974927912181824,
1.,0.974927912181824,1.,0.974927912181824,1.,0.974927912181824,1.,0.974927912181824,
1.,0.974927912181824,1.,0.974927912181824,1.,0.974927912181824,1.,0.974927912181824,
1.,0.988955660086968,0.987641458724756)))
REPRESENTATION_ITEM('')
SURFACE()
);
#38=(
BOUNDED_CURVE()
B_SPLINE_CURVE(2,(#2366,#2367,#2368,#2369,#2370,#2371,#2372,#2373,#2374,
#2375,#2376,#2377,#2378,#2379,#2380,#2381,#2382,#2383,#2384,#2385,#2386,
#2387,#2388,#2389,#2390,#2391,#2392,#2393,#2394,#2395,#2396,#2397,#2398,
#2399,#2400,#2401,#2402,#2403,#2404,#2405,#2406,#2407,#2408,#2409,#2410,
#2411,#2412,#2413,#2414,#2415,#2416,#2417,#2418,#2419,#2420,#2421,#2422,
#2423,#2424,#2425,#2426,#2427,#2428,#2429,#2430,#2431,#2432,#2433,#2434,
#2435,#2436,#2437,#2438,#2439,#2440,#2441,#2442,#2443,#2444,#2445,#2446,
#2447,#2448,#2449,#2450,#2451,#2452,#2453,#2454,#2455,#2456,#2457,#2458,
#2459,#2460,#2461,#2462,#2463,#2464,#2465,#2466,#2467,#2468,#2469,#2470,
#2471,#2472,#2473,#2474,#2475,#2476,#2477,#2478,#2479,#2480,#2481,#2482,
#2483,#2484,#2485,#2486,#2487,#2488,#2489,#2490,#2491,#2492,#2493,#2494,
#2495,#2496,#2497,#2498,#2499,#2500,#2501,#2502,#2503,#2504,#2505,#2506,
#2507,#2508,#2509,#2510,#2511,#2512,#2513,#2514,#2515,#2516,#2517,#2518,
#2519,#2520,#2521,#2522,#2523,#2524,#2525,#2526,#2527,#2528,#2529,#2530,
#2531,#2532,#2533,#2534,#2535,#2536,#2537,#2538,#2539,#2540,#2541,#2542,
#2543,#2544,#2545,#2546,#2547,#2548,#2549,#2550,#2551,#2552,#2553,#2554,
#2555,#2556,#2557,#2558,#2559,#2560,#2561,#2562),.UNSPECIFIED.,.F.,.F.)
B_SPLINE_CURVE_WITH_KNOTS((3,2,2,2,2,2,2,2,2,2,2,2,2,2,2,2,2,2,2,2,2,2,
2,2,2,2,2,2,2,2,2,2,2,2,2,2,2,2,2,2,2,2,2,2,2,2,2,2,2,2,2,2,2,2,2,2,2,2,
2,2,2,2,2,2,2,2,2,2,2,2,2,2,2,2,2,2,2,2,2,2,2,2,2,2,2,2,2,2,2,2,2,2,2,2,
2,2,2,2,3),(0.,0.0102040816326531,0.0204081632653061,0.0306122448979592,
0.0408163265306122,0.0510204081632653,0.0612244897959184,0.0714285714285714,
0.0816326530612245,0.0918367346938776,0.102040816326531,0.112244897959184,
0.122448979591837,0.13265306122449,0.142857142857143,0.153061224489796,
0.163265306122449,0.173469387755102,0.183673469387755,0.193877551020408,
0.204081632653061,0.214285714285714,0.224489795918367,0.23469387755102,
0.244897959183673,0.255102040816327,0.26530612244898,0.275510204081633,
0.285714285714286,0.295918367346939,0.306122448979592,0.316326530612245,
0.326530612244898,0.336734693877551,0.346938775510204,0.357142857142857,
0.36734693877551,0.377551020408163,0.387755102040816,0.397959183673469,
0.408163265306122,0.418367346938776,0.428571428571429,0.438775510204082,
0.448979591836735,0.459183673469388,0.469387755102041,0.479591836734694,
0.489795918367347,0.5,0.510204081632653,0.520408163265306,0.530612244897959,
0.540816326530612,0.551020408163265,0.561224489795918,0.571428571428571,
0.581632653061224,0.591836734693878,0.602040816326531,0.612244897959184,
0.622448979591837,0.63265306122449,0.642857142857143,0.653061224489796,
0.663265306122449,0.673469387755102,0.683673469387755,0.693877551020408,
0.704081632653061,0.714285714285714,0.724489795918367,0.73469387755102,
0.744897959183674,0.755102040816326,0.76530612244898,0.775510204081633,
0.785714285714286,0.795918367346939,0.806122448979592,0.816326530612245,
0.826530612244898,0.836734693877551,0.846938775510204,0.857142857142857,
0.86734693877551,0.877551020408163,0.887755102040816,0.897959183673469,
0.908163265306122,0.918367346938776,0.928571428571429,0.938775510204082,
0.948979591836735,0.959183673469388,0.969387755102041,0.979591836734694,
0.989795918367347,1.),.PIECEWISE_BEZIER_KNOTS.)
CURVE()
GEOMETRIC_REPRESENTATION_ITEM()
RATIONAL_B_SPLINE_CURVE((1.,0.974927912181824,1.,0.974927912181824,1.,0.974927912181824,
1.,0.974927912181824,1.,0.974927912181824,1.,0.974927912181824,1.,0.974927912181824,
1.,0.974927912181824,1.,0.974927912181824,1.,0.974927912181824,1.,0.974927912181824,
1.,0.974927912181824,1.,0.974927912181824,1.,0.974927912181824,1.,0.974927912181824,
1.,0.974927912181824,1.,0.974927912181824,1.,0.974927912181824,1.,0.974927912181824,
1.,0.974927912181824,1.,0.974927912181824,1.,0.974927912181824,1.,0.974927912181824,
1.,0.974927912181824,1.,0.974927912181824,1.,0.974927912181824,1.,0.974927912181824,
1.,0.974927912181824,1.,0.974927912181824,1.,0.974927912181824,1.,0.974927912181824,
1.,0.974927912181824,1.,0.974927912181824,1.,0.974927912181824,1.,0.974927912181824,
1.,0.974927912181824,1.,0.974927912181824,1.,0.974927912181824,1.,0.974927912181824,
1.,0.974927912181824,1.,0.974927912181824,1.,0.974927912181824,1.,0.974927912181824,
1.,0.974927912181824,1.,0.974927912181824,1.,0.974927912181824,1.,0.974927912181824,
1.,0.974927912181824,1.,0.974927912181824,1.,0.974927912181824,1.,0.974927912181824,
1.,0.974927912181824,1.,0.974927912181824,1.,0.974927912181824,1.,0.974927912181824,
1.,0.974927912181824,1.,0.974927912181824,1.,0.974927912181824,1.,0.974927912181824,
1.,0.974927912181824,1.,0.974927912181824,1.,0.974927912181824,1.,0.974927912181824,
1.,0.974927912181824,1.,0.974927912181824,1.,0.974927912181824,1.,0.974927912181824,
1.,0.974927912181824,1.,0.974927912181824,1.,0.974927912181824,1.,0.974927912181824,
1.,0.974927912181824,1.,0.974927912181824,1.,0.974927912181824,1.,0.974927912181824,
1.,0.974927912181824,1.,0.974927912181824,1.,0.974927912181824,1.,0.974927912181824,
1.,0.974927912181824,1.,0.974927912181824,1.,0.974927912181824,1.,0.974927912181824,
1.,0.974927912181824,1.,0.974927912181824,1.,0.974927912181824,1.,0.974927912181824,
1.,0.974927912181824,1.,0.974927912181824,1.,0.974927912181824,1.,0.974927912181824,
1.,0.974927912181824,1.,0.974927912181824,1.,0.974927912181824,1.,0.974927912181824,
1.,0.974927912181824,1.,0.974927912181824,1.,0.974927912181824,1.))
REPRESENTATION_ITEM('')
);
#39=(
BOUNDED_CURVE()
B_SPLINE_CURVE(2,(#2563,#2564,#2565,#2566,#2567,#2568,#2569,#2570,#2571,
#2572,#2573,#2574,#2575,#2576,#2577,#2578,#2579,#2580,#2581,#2582,#2583,
#2584,#2585,#2586,#2587,#2588,#2589,#2590,#2591,#2592,#2593,#2594,#2595,
#2596,#2597,#2598,#2599,#2600,#2601,#2602,#2603,#2604,#2605,#2606,#2607,
#2608,#2609,#2610,#2611,#2612,#2613,#2614,#2615,#2616,#2617,#2618,#2619,
#2620,#2621,#2622,#2623,#2624,#2625,#2626,#2627,#2628,#2629,#2630,#2631,
#2632,#2633,#2634,#2635,#2636,#2637,#2638,#2639,#2640,#2641,#2642,#2643,
#2644,#2645,#2646,#2647,#2648,#2649,#2650,#2651,#2652,#2653,#2654,#2655,
#2656,#2657,#2658,#2659,#2660,#2661,#2662,#2663,#2664,#2665,#2666,#2667,
#2668,#2669,#2670,#2671,#2672,#2673,#2674,#2675,#2676,#2677,#2678,#2679,
#2680,#2681,#2682,#2683,#2684,#2685,#2686,#2687,#2688,#2689,#2690,#2691,
#2692,#2693,#2694,#2695,#2696,#2697,#2698,#2699,#2700,#2701,#2702,#2703,
#2704,#2705,#2706,#2707,#2708,#2709,#2710,#2711,#2712,#2713,#2714,#2715,
#2716,#2717,#2718,#2719,#2720,#2721,#2722,#2723,#2724,#2725,#2726,#2727,
#2728,#2729,#2730,#2731,#2732,#2733,#2734,#2735,#2736,#2737,#2738,#2739,
#2740,#2741,#2742,#2743,#2744,#2745,#2746,#2747,#2748,#2749,#2750,#2751,
#2752,#2753,#2754,#2755,#2756,#2757,#2758,#2759),.UNSPECIFIED.,.F.,.F.)
B_SPLINE_CURVE_WITH_KNOTS((3,2,2,2,2,2,2,2,2,2,2,2,2,2,2,2,2,2,2,2,2,2,
2,2,2,2,2,2,2,2,2,2,2,2,2,2,2,2,2,2,2,2,2,2,2,2,2,2,2,2,2,2,2,2,2,2,2,2,
2,2,2,2,2,2,2,2,2,2,2,2,2,2,2,2,2,2,2,2,2,2,2,2,2,2,2,2,2,2,2,2,2,2,2,2,
2,2,2,2,3),(0.,0.0102040816326531,0.0204081632653061,0.0306122448979592,
0.0408163265306122,0.0510204081632653,0.0612244897959184,0.0714285714285714,
0.0816326530612245,0.0918367346938776,0.102040816326531,0.112244897959184,
0.122448979591837,0.13265306122449,0.142857142857143,0.153061224489796,
0.163265306122449,0.173469387755102,0.183673469387755,0.193877551020408,
0.204081632653061,0.214285714285714,0.224489795918367,0.23469387755102,
0.244897959183673,0.255102040816327,0.26530612244898,0.275510204081633,
0.285714285714286,0.295918367346939,0.306122448979592,0.316326530612245,
0.326530612244898,0.336734693877551,0.346938775510204,0.357142857142857,
0.36734693877551,0.377551020408163,0.387755102040816,0.397959183673469,
0.408163265306122,0.418367346938776,0.428571428571429,0.438775510204082,
0.448979591836735,0.459183673469388,0.469387755102041,0.479591836734694,
0.489795918367347,0.5,0.510204081632653,0.520408163265306,0.530612244897959,
0.540816326530612,0.551020408163265,0.561224489795918,0.571428571428571,
0.581632653061224,0.591836734693878,0.602040816326531,0.612244897959184,
0.622448979591837,0.63265306122449,0.642857142857143,0.653061224489796,
0.663265306122449,0.673469387755102,0.683673469387755,0.693877551020408,
0.704081632653061,0.714285714285714,0.724489795918367,0.73469387755102,
0.744897959183674,0.755102040816326,0.76530612244898,0.775510204081633,
0.785714285714286,0.795918367346939,0.806122448979592,0.816326530612245,
0.826530612244898,0.836734693877551,0.846938775510204,0.857142857142857,
0.86734693877551,0.877551020408163,0.887755102040816,0.897959183673469,
0.908163265306122,0.918367346938776,0.928571428571429,0.938775510204082,
0.948979591836735,0.959183673469388,0.969387755102041,0.979591836734694,
0.989795918367347,1.),.PIECEWISE_BEZIER_KNOTS.)
CURVE()
GEOMETRIC_REPRESENTATION_ITEM()
RATIONAL_B_SPLINE_CURVE((1.,0.974927912181824,1.,0.974927912181824,1.,0.974927912181824,
1.,0.974927912181824,1.,0.974927912181824,1.,0.974927912181824,1.,0.974927912181824,
1.,0.974927912181824,1.,0.974927912181824,1.,0.974927912181824,1.,0.974927912181824,
1.,0.974927912181824,1.,0.974927912181824,1.,0.974927912181824,1.,0.974927912181824,
1.,0.974927912181824,1.,0.974927912181824,1.,0.974927912181824,1.,0.974927912181824,
1.,0.974927912181824,1.,0.974927912181824,1.,0.974927912181824,1.,0.974927912181824,
1.,0.974927912181824,1.,0.974927912181824,1.,0.974927912181824,1.,0.974927912181824,
1.,0.974927912181824,1.,0.974927912181824,1.,0.974927912181824,1.,0.974927912181824,
1.,0.974927912181824,1.,0.974927912181824,1.,0.974927912181824,1.,0.974927912181824,
1.,0.974927912181824,1.,0.974927912181824,1.,0.974927912181824,1.,0.974927912181824,
1.,0.974927912181824,1.,0.974927912181824,1.,0.974927912181824,1.,0.974927912181824,
1.,0.974927912181824,1.,0.974927912181824,1.,0.974927912181824,1.,0.974927912181824,
1.,0.974927912181824,1.,0.974927912181824,1.,0.974927912181824,1.,0.974927912181824,
1.,0.974927912181824,1.,0.974927912181824,1.,0.974927912181824,1.,0.974927912181824,
1.,0.974927912181824,1.,0.974927912181824,1.,0.974927912181824,1.,0.974927912181824,
1.,0.974927912181824,1.,0.974927912181824,1.,0.974927912181824,1.,0.974927912181824,
1.,0.974927912181824,1.,0.974927912181824,1.,0.974927912181824,1.,0.974927912181824,
1.,0.974927912181824,1.,0.974927912181824,1.,0.974927912181824,1.,0.974927912181824,
1.,0.974927912181824,1.,0.974927912181824,1.,0.974927912181824,1.,0.974927912181824,
1.,0.974927912181824,1.,0.974927912181824,1.,0.974927912181824,1.,0.974927912181824,
1.,0.974927912181824,1.,0.974927912181824,1.,0.974927912181824,1.,0.974927912181824,
1.,0.974927912181824,1.,0.974927912181824,1.,0.974927912181824,1.,0.974927912181824,
1.,0.974927912181824,1.,0.974927912181824,1.,0.974927912181824,1.,0.974927912181824,
1.,0.974927912181824,1.,0.974927912181824,1.,0.974927912181824,1.,0.974927912181824,
1.,0.974927912181824,1.,0.974927912181824,1.,0.974927912181824,1.))
REPRESENTATION_ITEM('')
);
#40=(
BOUNDED_CURVE()
B_SPLINE_CURVE(2,(#2955,#2956,#2957,#2958,#2959,#2960,#2961,#2962,#2963,
#2964,#2965,#2966,#2967,#2968,#2969,#2970,#2971,#2972,#2973,#2974,#2975,
#2976,#2977,#2978,#2979,#2980,#2981,#2982,#2983,#2984,#2985,#2986,#2987,
#2988,#2989,#2990,#2991,#2992,#2993,#2994,#2995,#2996,#2997,#2998,#2999,
#3000,#3001,#3002,#3003,#3004,#3005,#3006,#3007,#3008,#3009,#3010,#3011,
#3012,#3013,#3014,#3015,#3016,#3017,#3018,#3019,#3020,#3021,#3022,#3023,
#3024,#3025,#3026,#3027,#3028,#3029,#3030,#3031,#3032,#3033,#3034,#3035,
#3036,#3037,#3038,#3039,#3040,#3041,#3042,#3043,#3044,#3045,#3046,#3047,
#3048,#3049,#3050,#3051,#3052,#3053,#3054,#3055,#3056,#3057,#3058,#3059,
#3060,#3061,#3062,#3063,#3064,#3065,#3066,#3067,#3068,#3069,#3070,#3071,
#3072,#3073,#3074,#3075,#3076,#3077,#3078,#3079,#3080,#3081,#3082,#3083,
#3084,#3085,#3086,#3087,#3088,#3089,#3090,#3091,#3092,#3093,#3094,#3095,
#3096,#3097,#3098,#3099,#3100,#3101,#3102,#3103,#3104,#3105,#3106,#3107,
#3108,#3109,#3110,#3111,#3112,#3113,#3114,#3115,#3116,#3117,#3118,#3119,
#3120,#3121,#3122,#3123,#3124,#3125,#3126,#3127,#3128,#3129,#3130,#3131,
#3132,#3133,#3134,#3135,#3136,#3137,#3138,#3139,#3140,#3141,#3142,#3143,
#3144,#3145,#3146,#3147,#3148,#3149,#3150,#3151),.UNSPECIFIED.,.F.,.F.)
B_SPLINE_CURVE_WITH_KNOTS((3,2,2,2,2,2,2,2,2,2,2,2,2,2,2,2,2,2,2,2,2,2,
2,2,2,2,2,2,2,2,2,2,2,2,2,2,2,2,2,2,2,2,2,2,2,2,2,2,2,2,2,2,2,2,2,2,2,2,
2,2,2,2,2,2,2,2,2,2,2,2,2,2,2,2,2,2,2,2,2,2,2,2,2,2,2,2,2,2,2,2,2,2,2,2,
2,2,2,2,3),(0.,0.0102040816326531,0.0204081632653061,0.0306122448979592,
0.0408163265306122,0.0510204081632653,0.0612244897959184,0.0714285714285714,
0.0816326530612245,0.0918367346938776,0.102040816326531,0.112244897959184,
0.122448979591837,0.13265306122449,0.142857142857143,0.153061224489796,
0.163265306122449,0.173469387755102,0.183673469387755,0.193877551020408,
0.204081632653061,0.214285714285714,0.224489795918367,0.23469387755102,
0.244897959183673,0.255102040816327,0.26530612244898,0.275510204081633,
0.285714285714286,0.295918367346939,0.306122448979592,0.316326530612245,
0.326530612244898,0.336734693877551,0.346938775510204,0.357142857142857,
0.36734693877551,0.377551020408163,0.387755102040816,0.397959183673469,
0.408163265306122,0.418367346938776,0.428571428571429,0.438775510204082,
0.448979591836735,0.459183673469388,0.469387755102041,0.479591836734694,
0.489795918367347,0.5,0.510204081632653,0.520408163265306,0.530612244897959,
0.540816326530612,0.551020408163265,0.561224489795918,0.571428571428571,
0.581632653061224,0.591836734693878,0.602040816326531,0.612244897959184,
0.622448979591837,0.63265306122449,0.642857142857143,0.653061224489796,
0.663265306122449,0.673469387755102,0.683673469387755,0.693877551020408,
0.704081632653061,0.714285714285714,0.724489795918367,0.73469387755102,
0.744897959183674,0.755102040816326,0.76530612244898,0.775510204081633,
0.785714285714286,0.795918367346939,0.806122448979592,0.816326530612245,
0.826530612244898,0.836734693877551,0.846938775510204,0.857142857142857,
0.86734693877551,0.877551020408163,0.887755102040816,0.897959183673469,
0.908163265306122,0.918367346938776,0.928571428571429,0.938775510204082,
0.948979591836735,0.959183673469388,0.969387755102041,0.979591836734694,
0.989795918367347,1.),.UNSPECIFIED.)
CURVE()
GEOMETRIC_REPRESENTATION_ITEM()
RATIONAL_B_SPLINE_CURVE((1.,0.974927912181824,1.,0.974927912181824,1.,0.974927912181824,
1.,0.974927912181824,1.,0.974927912181824,1.,0.974927912181824,1.,0.974927912181824,
1.,0.974927912181824,1.,0.974927912181824,1.,0.974927912181824,1.,0.974927912181824,
1.,0.974927912181824,1.,0.974927912181824,1.,0.974927912181824,1.,0.974927912181824,
1.,0.974927912181824,1.,0.974927912181824,1.,0.974927912181824,1.,0.974927912181824,
1.,0.974927912181824,1.,0.974927912181824,1.,0.974927912181824,1.,0.974927912181824,
1.,0.974927912181824,1.,0.974927912181824,1.,0.974927912181824,1.,0.974927912181824,
1.,0.974927912181824,1.,0.974927912181824,1.,0.974927912181824,1.,0.974927912181824,
1.,0.974927912181824,1.,0.974927912181824,1.,0.974927912181824,1.,0.974927912181824,
1.,0.974927912181824,1.,0.974927912181824,1.,0.974927912181824,1.,0.974927912181824,
1.,0.974927912181824,1.,0.974927912181824,1.,0.974927912181824,1.,0.974927912181824,
1.,0.974927912181824,1.,0.974927912181824,1.,0.974927912181824,1.,0.974927912181824,
1.,0.974927912181824,1.,0.974927912181824,1.,0.974927912181824,1.,0.974927912181824,
1.,0.974927912181824,1.,0.974927912181824,1.,0.974927912181824,1.,0.974927912181824,
1.,0.974927912181824,1.,0.974927912181824,1.,0.974927912181824,1.,0.974927912181824,
1.,0.974927912181824,1.,0.974927912181824,1.,0.974927912181824,1.,0.974927912181824,
1.,0.974927912181824,1.,0.974927912181824,1.,0.974927912181824,1.,0.974927912181824,
1.,0.974927912181824,1.,0.974927912181824,1.,0.974927912181824,1.,0.974927912181824,
1.,0.974927912181824,1.,0.974927912181824,1.,0.974927912181824,1.,0.974927912181824,
1.,0.974927912181824,1.,0.974927912181824,1.,0.974927912181824,1.,0.974927912181824,
1.,0.974927912181824,1.,0.974927912181824,1.,0.974927912181824,1.,0.974927912181824,
1.,0.974927912181824,1.,0.974927912181824,1.,0.974927912181824,1.,0.974927912181824,
1.,0.974927912181824,1.,0.974927912181824,1.,0.974927912181824,1.,0.974927912181824,
1.,0.974927912181824,1.,0.974927912181824,1.,0.974927912181824,1.,0.974927912181824,
1.,0.974927912181824,1.,0.974927912181824,1.,0.974927912181824,1.))
REPRESENTATION_ITEM('')
);
#41=(
BOUNDED_CURVE()
B_SPLINE_CURVE(2,(#3153,#3154,#3155,#3156,#3157,#3158,#3159,#3160,#3161,
#3162,#3163,#3164,#3165,#3166,#3167,#3168,#3169,#3170,#3171,#3172,#3173,
#3174,#3175,#3176,#3177,#3178,#3179,#3180,#3181,#3182,#3183,#3184,#3185,
#3186,#3187,#3188,#3189,#3190,#3191,#3192,#3193,#3194,#3195,#3196,#3197,
#3198,#3199,#3200,#3201,#3202,#3203,#3204,#3205,#3206,#3207,#3208,#3209,
#3210,#3211,#3212,#3213,#3214,#3215,#3216,#3217,#3218,#3219,#3220,#3221,
#3222,#3223,#3224,#3225,#3226,#3227,#3228,#3229,#3230,#3231,#3232,#3233,
#3234,#3235,#3236,#3237,#3238,#3239,#3240,#3241,#3242,#3243,#3244,#3245,
#3246,#3247,#3248,#3249,#3250,#3251,#3252,#3253,#3254,#3255,#3256,#3257,
#3258,#3259,#3260,#3261,#3262,#3263,#3264,#3265,#3266,#3267,#3268,#3269,
#3270,#3271,#3272,#3273,#3274,#3275,#3276,#3277,#3278,#3279,#3280,#3281,
#3282,#3283,#3284,#3285,#3286,#3287,#3288,#3289,#3290,#3291,#3292,#3293,
#3294,#3295,#3296,#3297,#3298,#3299,#3300,#3301,#3302,#3303,#3304,#3305,
#3306,#3307,#3308,#3309,#3310,#3311,#3312,#3313,#3314,#3315,#3316,#3317,
#3318,#3319,#3320,#3321,#3322,#3323,#3324,#3325,#3326,#3327,#3328,#3329,
#3330,#3331,#3332,#3333,#3334,#3335,#3336,#3337,#3338,#3339,#3340,#3341,
#3342,#3343,#3344,#3345,#3346,#3347,#3348,#3349),.UNSPECIFIED.,.F.,.F.)
B_SPLINE_CURVE_WITH_KNOTS((3,2,2,2,2,2,2,2,2,2,2,2,2,2,2,2,2,2,2,2,2,2,
2,2,2,2,2,2,2,2,2,2,2,2,2,2,2,2,2,2,2,2,2,2,2,2,2,2,2,2,2,2,2,2,2,2,2,2,
2,2,2,2,2,2,2,2,2,2,2,2,2,2,2,2,2,2,2,2,2,2,2,2,2,2,2,2,2,2,2,2,2,2,2,2,
2,2,2,2,3),(0.,0.0102040816326531,0.0204081632653061,0.0306122448979592,
0.0408163265306122,0.0510204081632653,0.0612244897959184,0.0714285714285714,
0.0816326530612245,0.0918367346938776,0.102040816326531,0.112244897959184,
0.122448979591837,0.13265306122449,0.142857142857143,0.153061224489796,
0.163265306122449,0.173469387755102,0.183673469387755,0.193877551020408,
0.204081632653061,0.214285714285714,0.224489795918367,0.23469387755102,
0.244897959183673,0.255102040816327,0.26530612244898,0.275510204081633,
0.285714285714286,0.295918367346939,0.306122448979592,0.316326530612245,
0.326530612244898,0.336734693877551,0.346938775510204,0.357142857142857,
0.36734693877551,0.377551020408163,0.387755102040816,0.397959183673469,
0.408163265306122,0.418367346938776,0.428571428571429,0.438775510204082,
0.448979591836735,0.459183673469388,0.469387755102041,0.479591836734694,
0.489795918367347,0.5,0.510204081632653,0.520408163265306,0.530612244897959,
0.540816326530612,0.551020408163265,0.561224489795918,0.571428571428571,
0.581632653061224,0.591836734693878,0.602040816326531,0.612244897959184,
0.622448979591837,0.63265306122449,0.642857142857143,0.653061224489796,
0.663265306122449,0.673469387755102,0.683673469387755,0.693877551020408,
0.704081632653061,0.714285714285714,0.724489795918367,0.73469387755102,
0.744897959183674,0.755102040816326,0.76530612244898,0.775510204081633,
0.785714285714286,0.795918367346939,0.806122448979592,0.816326530612245,
0.826530612244898,0.836734693877551,0.846938775510204,0.857142857142857,
0.86734693877551,0.877551020408163,0.887755102040816,0.897959183673469,
0.908163265306122,0.918367346938776,0.928571428571429,0.938775510204082,
0.948979591836735,0.959183673469388,0.969387755102041,0.979591836734694,
0.989795918367347,1.),.UNSPECIFIED.)
CURVE()
GEOMETRIC_REPRESENTATION_ITEM()
RATIONAL_B_SPLINE_CURVE((1.,0.974927912181824,1.,0.974927912181824,1.,0.974927912181824,
1.,0.974927912181824,1.,0.974927912181824,1.,0.974927912181824,1.,0.974927912181824,
1.,0.974927912181824,1.,0.974927912181824,1.,0.974927912181824,1.,0.974927912181824,
1.,0.974927912181824,1.,0.974927912181824,1.,0.974927912181824,1.,0.974927912181824,
1.,0.974927912181824,1.,0.974927912181824,1.,0.974927912181824,1.,0.974927912181824,
1.,0.974927912181824,1.,0.974927912181824,1.,0.974927912181824,1.,0.974927912181824,
1.,0.974927912181824,1.,0.974927912181824,1.,0.974927912181824,1.,0.974927912181824,
1.,0.974927912181824,1.,0.974927912181824,1.,0.974927912181824,1.,0.974927912181824,
1.,0.974927912181824,1.,0.974927912181824,1.,0.974927912181824,1.,0.974927912181824,
1.,0.974927912181824,1.,0.974927912181824,1.,0.974927912181824,1.,0.974927912181824,
1.,0.974927912181824,1.,0.974927912181824,1.,0.974927912181824,1.,0.974927912181824,
1.,0.974927912181824,1.,0.974927912181824,1.,0.974927912181824,1.,0.974927912181824,
1.,0.974927912181824,1.,0.974927912181824,1.,0.974927912181824,1.,0.974927912181824,
1.,0.974927912181824,1.,0.974927912181824,1.,0.974927912181824,1.,0.974927912181824,
1.,0.974927912181824,1.,0.974927912181824,1.,0.974927912181824,1.,0.974927912181824,
1.,0.974927912181824,1.,0.974927912181824,1.,0.974927912181824,1.,0.974927912181824,
1.,0.974927912181824,1.,0.974927912181824,1.,0.974927912181824,1.,0.974927912181824,
1.,0.974927912181824,1.,0.974927912181824,1.,0.974927912181824,1.,0.974927912181824,
1.,0.974927912181824,1.,0.974927912181824,1.,0.974927912181824,1.,0.974927912181824,
1.,0.974927912181824,1.,0.974927912181824,1.,0.974927912181824,1.,0.974927912181824,
1.,0.974927912181824,1.,0.974927912181824,1.,0.974927912181824,1.,0.974927912181824,
1.,0.974927912181824,1.,0.974927912181824,1.,0.974927912181824,1.,0.974927912181824,
1.,0.974927912181824,1.,0.974927912181824,1.,0.974927912181824,1.,0.974927912181824,
1.,0.974927912181824,1.,0.974927912181824,1.,0.974927912181824,1.,0.974927912181824,
1.,0.974927912181824,1.,0.974927912181824,1.,0.974927912181824,1.))
REPRESENTATION_ITEM('')
);
#42=CYLINDRICAL_SURFACE('',#1466,1.);
#43=CYLINDRICAL_SURFACE('',#1469,1.);
#44=CYLINDRICAL_SURFACE('',#1472,0.5);
#45=CYLINDRICAL_SURFACE('',#1477,0.5);
#46=CYLINDRICAL_SURFACE('',#1492,0.6);
#47=CYLINDRICAL_SURFACE('',#1493,0.6);
#48=CYLINDRICAL_SURFACE('',#1494,0.6);
#49=CYLINDRICAL_SURFACE('',#1495,0.6);
#50=CYLINDRICAL_SURFACE('',#1496,0.6);
#51=CYLINDRICAL_SURFACE('',#1497,0.6);
#52=CYLINDRICAL_SURFACE('',#1498,0.6);
#53=CYLINDRICAL_SURFACE('',#1499,0.6);
#54=CYLINDRICAL_SURFACE('',#1500,1.844);
#55=CYLINDRICAL_SURFACE('',#1501,2.33607481249486);
#56=CYLINDRICAL_SURFACE('',#1502,2.24994940802396);
#57=CYLINDRICAL_SURFACE('',#1503,0.1);
#58=CYLINDRICAL_SURFACE('',#1508,0.1);
#59=CYLINDRICAL_SURFACE('',#1510,0.1);
#60=CYLINDRICAL_SURFACE('',#1512,0.1);
#61=CYLINDRICAL_SURFACE('',#1518,0.1);
#62=CYLINDRICAL_SURFACE('',#1520,0.1);
#63=CYLINDRICAL_SURFACE('',#1526,0.1);
#64=CYLINDRICAL_SURFACE('',#1528,0.1);
#65=CYLINDRICAL_SURFACE('',#1530,0.1);
#66=CYLINDRICAL_SURFACE('',#1536,0.1);
#67=CYLINDRICAL_SURFACE('',#1538,0.1);
#68=CYLINDRICAL_SURFACE('',#1542,0.1);
#69=CYLINDRICAL_SURFACE('',#1543,0.1);
#70=CYLINDRICAL_SURFACE('',#1548,0.1);
#71=CYLINDRICAL_SURFACE('',#1550,0.1);
#72=CYLINDRICAL_SURFACE('',#1552,0.1);
#73=CYLINDRICAL_SURFACE('',#1558,0.1);
#74=CYLINDRICAL_SURFACE('',#1560,0.1);
#75=CYLINDRICAL_SURFACE('',#1566,0.1);
#76=CYLINDRICAL_SURFACE('',#1568,0.1);
#77=CYLINDRICAL_SURFACE('',#1570,0.1);
#78=CYLINDRICAL_SURFACE('',#1576,0.1);
#79=CYLINDRICAL_SURFACE('',#1578,0.1);
#80=CYLINDRICAL_SURFACE('',#1582,0.1);
#81=CIRCLE('',#1416,2.24994940802396);
#82=CIRCLE('',#1417,1.844);
#83=CIRCLE('',#1419,2.33607481249486);
#84=CIRCLE('',#1420,2.24994940802396);
#85=CIRCLE('',#1421,1.844);
#86=CIRCLE('',#1423,0.1);
#87=CIRCLE('',#1424,0.1);
#88=CIRCLE('',#1426,0.1);
#89=CIRCLE('',#1427,0.1);
#90=CIRCLE('',#1431,0.9);
#91=CIRCLE('',#1432,0.6);
#92=CIRCLE('',#1433,0.6);
#93=CIRCLE('',#1434,0.9);
#94=CIRCLE('',#1436,0.9);
#95=CIRCLE('',#1437,0.9);
#96=CIRCLE('',#1438,0.6);
#97=CIRCLE('',#1439,0.6);
#98=CIRCLE('',#1443,0.1);
#99=CIRCLE('',#1444,0.1);
#100=CIRCLE('',#1446,0.1);
#101=CIRCLE('',#1447,0.1);
#102=CIRCLE('',#1457,0.6);
#103=CIRCLE('',#1458,0.6);
#104=CIRCLE('',#1459,0.6);
#105=CIRCLE('',#1460,0.6);
#106=CIRCLE('',#1462,0.6);
#107=CIRCLE('',#1463,0.6);
#108=CIRCLE('',#1464,0.6);
#109=CIRCLE('',#1465,0.6);
#110=CIRCLE('',#1467,1.);
#111=CIRCLE('',#1468,1.);
#112=CIRCLE('',#1470,1.);
#113=CIRCLE('',#1471,1.);
#114=CIRCLE('',#1473,0.5);
#115=CIRCLE('',#1474,0.5);
#116=CIRCLE('',#1476,2.33607481249486);
#117=CIRCLE('',#1478,0.5);
#118=CIRCLE('',#1479,0.5);
#119=CIRCLE('',#1481,0.6);
#120=CIRCLE('',#1482,0.6);
#121=CIRCLE('',#1483,0.6);
#122=CIRCLE('',#1484,0.6);
#123=CIRCLE('',#1486,0.6);
#124=CIRCLE('',#1487,0.6);
#125=CIRCLE('',#1488,0.6);
#126=CIRCLE('',#1489,0.6);
#127=CIRCLE('',#1504,0.1);
#128=CIRCLE('',#1506,0.1);
#129=CIRCLE('',#1507,0.1);
#130=CIRCLE('',#1509,0.1);
#131=CIRCLE('',#1511,0.1);
#132=CIRCLE('',#1513,0.1);
#133=CIRCLE('',#1515,0.1);
#134=CIRCLE('',#1517,0.1);
#135=CIRCLE('',#1519,0.1);
#136=CIRCLE('',#1521,0.1);
#137=CIRCLE('',#1523,0.1);
#138=CIRCLE('',#1525,0.1);
#139=CIRCLE('',#1527,0.1);
#140=CIRCLE('',#1529,0.1);
#141=CIRCLE('',#1531,0.1);
#142=CIRCLE('',#1533,0.1);
#143=CIRCLE('',#1535,0.1);
#144=CIRCLE('',#1537,0.1);
#145=CIRCLE('',#1539,0.1);
#146=CIRCLE('',#1541,0.1);
#147=CIRCLE('',#1544,0.1);
#148=CIRCLE('',#1546,0.1);
#149=CIRCLE('',#1547,0.1);
#150=CIRCLE('',#1549,0.1);
#151=CIRCLE('',#1551,0.1);
#152=CIRCLE('',#1553,0.1);
#153=CIRCLE('',#1555,0.1);
#154=CIRCLE('',#1557,0.1);
#155=CIRCLE('',#1559,0.1);
#156=CIRCLE('',#1561,0.1);
#157=CIRCLE('',#1563,0.1);
#158=CIRCLE('',#1565,0.1);
#159=CIRCLE('',#1567,0.1);
#160=CIRCLE('',#1569,0.1);
#161=CIRCLE('',#1571,0.1);
#162=CIRCLE('',#1573,0.1);
#163=CIRCLE('',#1575,0.1);
#164=CIRCLE('',#1577,0.1);
#165=CIRCLE('',#1579,0.1);
#166=CIRCLE('',#1581,0.1);
#167=B_SPLINE_CURVE_WITH_KNOTS('',3,(#2039,#2040,#2041,#2042,#2043),
 .UNSPECIFIED.,.F.,.F.,(4,1,4),(0.,0.00200951712938378,0.00401903425876755),
 .UNSPECIFIED.);
#168=B_SPLINE_CURVE_WITH_KNOTS('',3,(#2048,#2049,#2050,#2051,#2052),
 .UNSPECIFIED.,.F.,.F.,(4,1,4),(0.,0.00201321102674777,0.00402642205349554),
 .UNSPECIFIED.);
#169=B_SPLINE_CURVE_WITH_KNOTS('',3,(#2061,#2062,#2063,#2064,#2065),
 .UNSPECIFIED.,.F.,.F.,(4,1,4),(0.,0.00200791720273451,0.00401583440546902),
 .UNSPECIFIED.);
#170=B_SPLINE_CURVE_WITH_KNOTS('',3,(#2069,#2070,#2071,#2072,#2073),
 .UNSPECIFIED.,.F.,.F.,(4,1,4),(0.,0.00201177326925998,0.00402354653851997),
 .UNSPECIFIED.);
#171=ORIENTED_EDGE('',*,*,#575,.T.);
#172=ORIENTED_EDGE('',*,*,#576,.T.);
#173=ORIENTED_EDGE('',*,*,#577,.T.);
#174=ORIENTED_EDGE('',*,*,#578,.T.);
#175=ORIENTED_EDGE('',*,*,#579,.F.);
#176=ORIENTED_EDGE('',*,*,#580,.F.);
#177=ORIENTED_EDGE('',*,*,#581,.F.);
#178=ORIENTED_EDGE('',*,*,#582,.T.);
#179=ORIENTED_EDGE('',*,*,#583,.T.);
#180=ORIENTED_EDGE('',*,*,#584,.T.);
#181=ORIENTED_EDGE('',*,*,#585,.T.);
#182=ORIENTED_EDGE('',*,*,#586,.F.);
#183=ORIENTED_EDGE('',*,*,#587,.T.);
#184=ORIENTED_EDGE('',*,*,#588,.F.);
#185=ORIENTED_EDGE('',*,*,#589,.T.);
#186=ORIENTED_EDGE('',*,*,#590,.F.);
#187=ORIENTED_EDGE('',*,*,#591,.T.);
#188=ORIENTED_EDGE('',*,*,#592,.F.);
#189=ORIENTED_EDGE('',*,*,#593,.T.);
#190=ORIENTED_EDGE('',*,*,#594,.F.);
#191=ORIENTED_EDGE('',*,*,#595,.T.);
#192=ORIENTED_EDGE('',*,*,#596,.T.);
#193=ORIENTED_EDGE('',*,*,#597,.T.);
#194=ORIENTED_EDGE('',*,*,#598,.F.);
#195=ORIENTED_EDGE('',*,*,#599,.T.);
#196=ORIENTED_EDGE('',*,*,#600,.T.);
#197=ORIENTED_EDGE('',*,*,#601,.T.);
#198=ORIENTED_EDGE('',*,*,#592,.T.);
#199=ORIENTED_EDGE('',*,*,#602,.T.);
#200=ORIENTED_EDGE('',*,*,#598,.T.);
#201=ORIENTED_EDGE('',*,*,#603,.T.);
#202=ORIENTED_EDGE('',*,*,#604,.T.);
#203=ORIENTED_EDGE('',*,*,#605,.T.);
#204=ORIENTED_EDGE('',*,*,#606,.T.);
#205=ORIENTED_EDGE('',*,*,#607,.T.);
#206=ORIENTED_EDGE('',*,*,#608,.T.);
#207=ORIENTED_EDGE('',*,*,#609,.T.);
#208=ORIENTED_EDGE('',*,*,#610,.T.);
#209=ORIENTED_EDGE('',*,*,#611,.T.);
#210=ORIENTED_EDGE('',*,*,#612,.T.);
#211=ORIENTED_EDGE('',*,*,#613,.T.);
#212=ORIENTED_EDGE('',*,*,#614,.T.);
#213=ORIENTED_EDGE('',*,*,#615,.T.);
#214=ORIENTED_EDGE('',*,*,#616,.T.);
#215=ORIENTED_EDGE('',*,*,#617,.T.);
#216=ORIENTED_EDGE('',*,*,#618,.T.);
#217=ORIENTED_EDGE('',*,*,#619,.T.);
#218=ORIENTED_EDGE('',*,*,#620,.T.);
#219=ORIENTED_EDGE('',*,*,#621,.T.);
#220=ORIENTED_EDGE('',*,*,#622,.T.);
#221=ORIENTED_EDGE('',*,*,#623,.T.);
#222=ORIENTED_EDGE('',*,*,#624,.T.);
#223=ORIENTED_EDGE('',*,*,#625,.T.);
#224=ORIENTED_EDGE('',*,*,#626,.T.);
#225=ORIENTED_EDGE('',*,*,#627,.T.);
#226=ORIENTED_EDGE('',*,*,#628,.T.);
#227=ORIENTED_EDGE('',*,*,#629,.T.);
#228=ORIENTED_EDGE('',*,*,#630,.F.);
#229=ORIENTED_EDGE('',*,*,#631,.T.);
#230=ORIENTED_EDGE('',*,*,#632,.T.);
#231=ORIENTED_EDGE('',*,*,#633,.T.);
#232=ORIENTED_EDGE('',*,*,#634,.T.);
#233=ORIENTED_EDGE('',*,*,#635,.T.);
#234=ORIENTED_EDGE('',*,*,#636,.F.);
#235=ORIENTED_EDGE('',*,*,#637,.T.);
#236=ORIENTED_EDGE('',*,*,#638,.F.);
#237=ORIENTED_EDGE('',*,*,#639,.T.);
#238=ORIENTED_EDGE('',*,*,#640,.F.);
#239=ORIENTED_EDGE('',*,*,#641,.T.);
#240=ORIENTED_EDGE('',*,*,#630,.T.);
#241=ORIENTED_EDGE('',*,*,#642,.T.);
#242=ORIENTED_EDGE('',*,*,#643,.T.);
#243=ORIENTED_EDGE('',*,*,#644,.T.);
#244=ORIENTED_EDGE('',*,*,#645,.F.);
#245=ORIENTED_EDGE('',*,*,#646,.T.);
#246=ORIENTED_EDGE('',*,*,#636,.T.);
#247=ORIENTED_EDGE('',*,*,#647,.T.);
#248=ORIENTED_EDGE('',*,*,#648,.T.);
#249=ORIENTED_EDGE('',*,*,#649,.T.);
#250=ORIENTED_EDGE('',*,*,#650,.F.);
#251=ORIENTED_EDGE('',*,*,#651,.T.);
#252=ORIENTED_EDGE('',*,*,#652,.F.);
#253=ORIENTED_EDGE('',*,*,#653,.T.);
#254=ORIENTED_EDGE('',*,*,#654,.T.);
#255=ORIENTED_EDGE('',*,*,#655,.T.);
#256=ORIENTED_EDGE('',*,*,#656,.F.);
#257=ORIENTED_EDGE('',*,*,#657,.T.);
#258=ORIENTED_EDGE('',*,*,#658,.F.);
#259=ORIENTED_EDGE('',*,*,#659,.F.);
#260=ORIENTED_EDGE('',*,*,#660,.F.);
#261=ORIENTED_EDGE('',*,*,#661,.T.);
#262=ORIENTED_EDGE('',*,*,#662,.T.);
#263=ORIENTED_EDGE('',*,*,#663,.F.);
#264=ORIENTED_EDGE('',*,*,#664,.F.);
#265=ORIENTED_EDGE('',*,*,#665,.T.);
#266=ORIENTED_EDGE('',*,*,#666,.F.);
#267=ORIENTED_EDGE('',*,*,#667,.T.);
#268=ORIENTED_EDGE('',*,*,#668,.T.);
#269=ORIENTED_EDGE('',*,*,#669,.T.);
#270=ORIENTED_EDGE('',*,*,#670,.F.);
#271=ORIENTED_EDGE('',*,*,#671,.T.);
#272=ORIENTED_EDGE('',*,*,#672,.F.);
#273=ORIENTED_EDGE('',*,*,#673,.T.);
#274=ORIENTED_EDGE('',*,*,#674,.F.);
#275=ORIENTED_EDGE('',*,*,#675,.T.);
#276=ORIENTED_EDGE('',*,*,#676,.F.);
#277=ORIENTED_EDGE('',*,*,#677,.T.);
#278=ORIENTED_EDGE('',*,*,#678,.T.);
#279=ORIENTED_EDGE('',*,*,#679,.T.);
#280=ORIENTED_EDGE('',*,*,#588,.T.);
#281=ORIENTED_EDGE('',*,*,#680,.T.);
#282=ORIENTED_EDGE('',*,*,#681,.T.);
#283=ORIENTED_EDGE('',*,*,#682,.T.);
#284=ORIENTED_EDGE('',*,*,#683,.T.);
#285=ORIENTED_EDGE('',*,*,#684,.T.);
#286=ORIENTED_EDGE('',*,*,#640,.T.);
#287=ORIENTED_EDGE('',*,*,#685,.T.);
#288=ORIENTED_EDGE('',*,*,#650,.T.);
#289=ORIENTED_EDGE('',*,*,#686,.T.);
#290=ORIENTED_EDGE('',*,*,#656,.T.);
#291=ORIENTED_EDGE('',*,*,#687,.T.);
#292=ORIENTED_EDGE('',*,*,#666,.T.);
#293=ORIENTED_EDGE('',*,*,#688,.T.);
#294=ORIENTED_EDGE('',*,*,#672,.T.);
#295=ORIENTED_EDGE('',*,*,#689,.T.);
#296=ORIENTED_EDGE('',*,*,#690,.T.);
#297=ORIENTED_EDGE('',*,*,#691,.T.);
#298=ORIENTED_EDGE('',*,*,#692,.T.);
#299=ORIENTED_EDGE('',*,*,#596,.F.);
#300=ORIENTED_EDGE('',*,*,#693,.T.);
#301=ORIENTED_EDGE('',*,*,#678,.F.);
#302=ORIENTED_EDGE('',*,*,#694,.T.);
#303=ORIENTED_EDGE('',*,*,#668,.F.);
#304=ORIENTED_EDGE('',*,*,#695,.F.);
#305=ORIENTED_EDGE('',*,*,#662,.F.);
#306=ORIENTED_EDGE('',*,*,#696,.T.);
#307=ORIENTED_EDGE('',*,*,#654,.F.);
#308=ORIENTED_EDGE('',*,*,#697,.T.);
#309=ORIENTED_EDGE('',*,*,#643,.F.);
#310=ORIENTED_EDGE('',*,*,#698,.T.);
#311=ORIENTED_EDGE('',*,*,#699,.T.);
#312=ORIENTED_EDGE('',*,*,#577,.F.);
#313=ORIENTED_EDGE('',*,*,#700,.T.);
#314=ORIENTED_EDGE('',*,*,#690,.F.);
#315=ORIENTED_EDGE('',*,*,#701,.T.);
#316=ORIENTED_EDGE('',*,*,#682,.F.);
#317=ORIENTED_EDGE('',*,*,#702,.T.);
#318=ORIENTED_EDGE('',*,*,#575,.F.);
#319=ORIENTED_EDGE('',*,*,#703,.T.);
#320=ORIENTED_EDGE('',*,*,#704,.T.);
#321=ORIENTED_EDGE('',*,*,#705,.T.);
#322=ORIENTED_EDGE('',*,*,#706,.F.);
#323=ORIENTED_EDGE('',*,*,#707,.T.);
#324=ORIENTED_EDGE('',*,*,#708,.F.);
#325=ORIENTED_EDGE('',*,*,#709,.T.);
#326=ORIENTED_EDGE('',*,*,#710,.T.);
#327=ORIENTED_EDGE('',*,*,#704,.F.);
#328=ORIENTED_EDGE('',*,*,#711,.T.);
#329=ORIENTED_EDGE('',*,*,#712,.T.);
#330=ORIENTED_EDGE('',*,*,#713,.T.);
#331=ORIENTED_EDGE('',*,*,#709,.F.);
#332=ORIENTED_EDGE('',*,*,#714,.T.);
#333=ORIENTED_EDGE('',*,*,#715,.T.);
#334=ORIENTED_EDGE('',*,*,#590,.T.);
#335=ORIENTED_EDGE('',*,*,#716,.T.);
#336=ORIENTED_EDGE('',*,*,#674,.T.);
#337=ORIENTED_EDGE('',*,*,#717,.T.);
#338=ORIENTED_EDGE('',*,*,#664,.T.);
#339=ORIENTED_EDGE('',*,*,#718,.F.);
#340=ORIENTED_EDGE('',*,*,#658,.T.);
#341=ORIENTED_EDGE('',*,*,#719,.T.);
#342=ORIENTED_EDGE('',*,*,#648,.F.);
#343=ORIENTED_EDGE('',*,*,#720,.T.);
#344=ORIENTED_EDGE('',*,*,#638,.T.);
#345=ORIENTED_EDGE('',*,*,#721,.T.);
#346=ORIENTED_EDGE('',*,*,#722,.T.);
#347=ORIENTED_EDGE('',*,*,#706,.T.);
#348=ORIENTED_EDGE('',*,*,#723,.T.);
#349=ORIENTED_EDGE('',*,*,#724,.T.);
#350=ORIENTED_EDGE('',*,*,#725,.T.);
#351=ORIENTED_EDGE('',*,*,#712,.F.);
#352=ORIENTED_EDGE('',*,*,#726,.T.);
#353=ORIENTED_EDGE('',*,*,#727,.T.);
#354=ORIENTED_EDGE('',*,*,#645,.T.);
#355=ORIENTED_EDGE('',*,*,#728,.T.);
#356=ORIENTED_EDGE('',*,*,#652,.T.);
#357=ORIENTED_EDGE('',*,*,#729,.T.);
#358=ORIENTED_EDGE('',*,*,#660,.T.);
#359=ORIENTED_EDGE('',*,*,#730,.F.);
#360=ORIENTED_EDGE('',*,*,#670,.T.);
#361=ORIENTED_EDGE('',*,*,#731,.T.);
#362=ORIENTED_EDGE('',*,*,#676,.T.);
#363=ORIENTED_EDGE('',*,*,#732,.T.);
#364=ORIENTED_EDGE('',*,*,#594,.T.);
#365=ORIENTED_EDGE('',*,*,#659,.T.);
#366=ORIENTED_EDGE('',*,*,#718,.T.);
#367=ORIENTED_EDGE('',*,*,#667,.F.);
#368=ORIENTED_EDGE('',*,*,#687,.F.);
#369=ORIENTED_EDGE('',*,*,#695,.T.);
#370=ORIENTED_EDGE('',*,*,#671,.F.);
#371=ORIENTED_EDGE('',*,*,#730,.T.);
#372=ORIENTED_EDGE('',*,*,#663,.T.);
#373=ORIENTED_EDGE('',*,*,#685,.F.);
#374=ORIENTED_EDGE('',*,*,#639,.F.);
#375=ORIENTED_EDGE('',*,*,#720,.F.);
#376=ORIENTED_EDGE('',*,*,#651,.F.);
#377=ORIENTED_EDGE('',*,*,#732,.F.);
#378=ORIENTED_EDGE('',*,*,#679,.F.);
#379=ORIENTED_EDGE('',*,*,#693,.F.);
#380=ORIENTED_EDGE('',*,*,#595,.F.);
#381=ORIENTED_EDGE('',*,*,#689,.F.);
#382=ORIENTED_EDGE('',*,*,#675,.F.);
#383=ORIENTED_EDGE('',*,*,#716,.F.);
#384=ORIENTED_EDGE('',*,*,#589,.F.);
#385=ORIENTED_EDGE('',*,*,#688,.F.);
#386=ORIENTED_EDGE('',*,*,#665,.F.);
#387=ORIENTED_EDGE('',*,*,#717,.F.);
#388=ORIENTED_EDGE('',*,*,#673,.F.);
#389=ORIENTED_EDGE('',*,*,#731,.F.);
#390=ORIENTED_EDGE('',*,*,#669,.F.);
#391=ORIENTED_EDGE('',*,*,#694,.F.);
#392=ORIENTED_EDGE('',*,*,#677,.F.);
#393=ORIENTED_EDGE('',*,*,#686,.F.);
#394=ORIENTED_EDGE('',*,*,#649,.F.);
#395=ORIENTED_EDGE('',*,*,#719,.F.);
#396=ORIENTED_EDGE('',*,*,#657,.F.);
#397=ORIENTED_EDGE('',*,*,#729,.F.);
#398=ORIENTED_EDGE('',*,*,#655,.F.);
#399=ORIENTED_EDGE('',*,*,#696,.F.);
#400=ORIENTED_EDGE('',*,*,#661,.F.);
#401=ORIENTED_EDGE('',*,*,#728,.F.);
#402=ORIENTED_EDGE('',*,*,#644,.F.);
#403=ORIENTED_EDGE('',*,*,#697,.F.);
#404=ORIENTED_EDGE('',*,*,#653,.F.);
#405=ORIENTED_EDGE('',*,*,#586,.T.);
#406=ORIENTED_EDGE('',*,*,#733,.T.);
#407=ORIENTED_EDGE('',*,*,#582,.F.);
#408=ORIENTED_EDGE('',*,*,#734,.F.);
#409=ORIENTED_EDGE('',*,*,#708,.T.);
#410=ORIENTED_EDGE('',*,*,#583,.F.);
#411=ORIENTED_EDGE('',*,*,#579,.T.);
#412=ORIENTED_EDGE('',*,*,#733,.F.);
#413=ORIENTED_EDGE('',*,*,#585,.F.);
#414=ORIENTED_EDGE('',*,*,#735,.T.);
#415=ORIENTED_EDGE('',*,*,#580,.T.);
#416=ORIENTED_EDGE('',*,*,#735,.F.);
#417=ORIENTED_EDGE('',*,*,#584,.F.);
#418=ORIENTED_EDGE('',*,*,#736,.T.);
#419=ORIENTED_EDGE('',*,*,#581,.T.);
#420=ORIENTED_EDGE('',*,*,#736,.F.);
#421=ORIENTED_EDGE('',*,*,#587,.F.);
#422=ORIENTED_EDGE('',*,*,#734,.T.);
#423=ORIENTED_EDGE('',*,*,#737,.F.);
#424=ORIENTED_EDGE('',*,*,#637,.F.);
#425=ORIENTED_EDGE('',*,*,#646,.F.);
#426=ORIENTED_EDGE('',*,*,#727,.F.);
#427=ORIENTED_EDGE('',*,*,#738,.F.);
#428=ORIENTED_EDGE('',*,*,#737,.T.);
#429=ORIENTED_EDGE('',*,*,#739,.F.);
#430=ORIENTED_EDGE('',*,*,#739,.T.);
#431=ORIENTED_EDGE('',*,*,#726,.F.);
#432=ORIENTED_EDGE('',*,*,#740,.F.);
#433=ORIENTED_EDGE('',*,*,#626,.F.);
#434=ORIENTED_EDGE('',*,*,#738,.T.);
#435=ORIENTED_EDGE('',*,*,#625,.F.);
#436=ORIENTED_EDGE('',*,*,#741,.F.);
#437=ORIENTED_EDGE('',*,*,#634,.F.);
#438=ORIENTED_EDGE('',*,*,#647,.F.);
#439=ORIENTED_EDGE('',*,*,#635,.F.);
#440=ORIENTED_EDGE('',*,*,#742,.F.);
#441=ORIENTED_EDGE('',*,*,#698,.F.);
#442=ORIENTED_EDGE('',*,*,#740,.T.);
#443=ORIENTED_EDGE('',*,*,#714,.F.);
#444=ORIENTED_EDGE('',*,*,#743,.F.);
#445=ORIENTED_EDGE('',*,*,#627,.F.);
#446=ORIENTED_EDGE('',*,*,#742,.T.);
#447=ORIENTED_EDGE('',*,*,#741,.T.);
#448=ORIENTED_EDGE('',*,*,#744,.F.);
#449=ORIENTED_EDGE('',*,*,#743,.T.);
#450=ORIENTED_EDGE('',*,*,#711,.F.);
#451=ORIENTED_EDGE('',*,*,#745,.F.);
#452=ORIENTED_EDGE('',*,*,#628,.F.);
#453=ORIENTED_EDGE('',*,*,#744,.T.);
#454=ORIENTED_EDGE('',*,*,#624,.F.);
#455=ORIENTED_EDGE('',*,*,#746,.F.);
#456=ORIENTED_EDGE('',*,*,#699,.F.);
#457=ORIENTED_EDGE('',*,*,#745,.T.);
#458=ORIENTED_EDGE('',*,*,#707,.F.);
#459=ORIENTED_EDGE('',*,*,#747,.F.);
#460=ORIENTED_EDGE('',*,*,#629,.F.);
#461=ORIENTED_EDGE('',*,*,#746,.T.);
#462=ORIENTED_EDGE('',*,*,#623,.F.);
#463=ORIENTED_EDGE('',*,*,#748,.F.);
#464=ORIENTED_EDGE('',*,*,#701,.F.);
#465=ORIENTED_EDGE('',*,*,#642,.F.);
#466=ORIENTED_EDGE('',*,*,#633,.F.);
#467=ORIENTED_EDGE('',*,*,#749,.F.);
#468=ORIENTED_EDGE('',*,*,#721,.F.);
#469=ORIENTED_EDGE('',*,*,#747,.T.);
#470=ORIENTED_EDGE('',*,*,#722,.F.);
#471=ORIENTED_EDGE('',*,*,#750,.F.);
#472=ORIENTED_EDGE('',*,*,#618,.F.);
#473=ORIENTED_EDGE('',*,*,#748,.T.);
#474=ORIENTED_EDGE('',*,*,#622,.F.);
#475=ORIENTED_EDGE('',*,*,#751,.F.);
#476=ORIENTED_EDGE('',*,*,#578,.F.);
#477=ORIENTED_EDGE('',*,*,#750,.T.);
#478=ORIENTED_EDGE('',*,*,#749,.T.);
#479=ORIENTED_EDGE('',*,*,#752,.F.);
#480=ORIENTED_EDGE('',*,*,#751,.T.);
#481=ORIENTED_EDGE('',*,*,#621,.F.);
#482=ORIENTED_EDGE('',*,*,#753,.F.);
#483=ORIENTED_EDGE('',*,*,#703,.F.);
#484=ORIENTED_EDGE('',*,*,#752,.T.);
#485=ORIENTED_EDGE('',*,*,#632,.F.);
#486=ORIENTED_EDGE('',*,*,#754,.F.);
#487=ORIENTED_EDGE('',*,*,#619,.F.);
#488=ORIENTED_EDGE('',*,*,#753,.T.);
#489=ORIENTED_EDGE('',*,*,#620,.F.);
#490=ORIENTED_EDGE('',*,*,#755,.F.);
#491=ORIENTED_EDGE('',*,*,#683,.F.);
#492=ORIENTED_EDGE('',*,*,#755,.T.);
#493=ORIENTED_EDGE('',*,*,#754,.T.);
#494=ORIENTED_EDGE('',*,*,#756,.F.);
#495=ORIENTED_EDGE('',*,*,#756,.T.);
#496=ORIENTED_EDGE('',*,*,#631,.F.);
#497=ORIENTED_EDGE('',*,*,#641,.F.);
#498=ORIENTED_EDGE('',*,*,#684,.F.);
#499=ORIENTED_EDGE('',*,*,#757,.F.);
#500=ORIENTED_EDGE('',*,*,#724,.F.);
#501=ORIENTED_EDGE('',*,*,#599,.F.);
#502=ORIENTED_EDGE('',*,*,#605,.F.);
#503=ORIENTED_EDGE('',*,*,#758,.F.);
#504=ORIENTED_EDGE('',*,*,#757,.T.);
#505=ORIENTED_EDGE('',*,*,#759,.F.);
#506=ORIENTED_EDGE('',*,*,#597,.F.);
#507=ORIENTED_EDGE('',*,*,#692,.F.);
#508=ORIENTED_EDGE('',*,*,#760,.F.);
#509=ORIENTED_EDGE('',*,*,#603,.F.);
#510=ORIENTED_EDGE('',*,*,#759,.T.);
#511=ORIENTED_EDGE('',*,*,#604,.F.);
#512=ORIENTED_EDGE('',*,*,#761,.F.);
#513=ORIENTED_EDGE('',*,*,#614,.F.);
#514=ORIENTED_EDGE('',*,*,#758,.T.);
#515=ORIENTED_EDGE('',*,*,#613,.F.);
#516=ORIENTED_EDGE('',*,*,#762,.F.);
#517=ORIENTED_EDGE('',*,*,#725,.F.);
#518=ORIENTED_EDGE('',*,*,#761,.T.);
#519=ORIENTED_EDGE('',*,*,#760,.T.);
#520=ORIENTED_EDGE('',*,*,#763,.F.);
#521=ORIENTED_EDGE('',*,*,#762,.T.);
#522=ORIENTED_EDGE('',*,*,#612,.F.);
#523=ORIENTED_EDGE('',*,*,#764,.F.);
#524=ORIENTED_EDGE('',*,*,#713,.F.);
#525=ORIENTED_EDGE('',*,*,#763,.T.);
#526=ORIENTED_EDGE('',*,*,#691,.F.);
#527=ORIENTED_EDGE('',*,*,#765,.F.);
#528=ORIENTED_EDGE('',*,*,#615,.F.);
#529=ORIENTED_EDGE('',*,*,#764,.T.);
#530=ORIENTED_EDGE('',*,*,#611,.F.);
#531=ORIENTED_EDGE('',*,*,#766,.F.);
#532=ORIENTED_EDGE('',*,*,#710,.F.);
#533=ORIENTED_EDGE('',*,*,#765,.T.);
#534=ORIENTED_EDGE('',*,*,#700,.F.);
#535=ORIENTED_EDGE('',*,*,#767,.F.);
#536=ORIENTED_EDGE('',*,*,#616,.F.);
#537=ORIENTED_EDGE('',*,*,#766,.T.);
#538=ORIENTED_EDGE('',*,*,#610,.F.);
#539=ORIENTED_EDGE('',*,*,#768,.F.);
#540=ORIENTED_EDGE('',*,*,#705,.F.);
#541=ORIENTED_EDGE('',*,*,#767,.T.);
#542=ORIENTED_EDGE('',*,*,#576,.F.);
#543=ORIENTED_EDGE('',*,*,#769,.F.);
#544=ORIENTED_EDGE('',*,*,#617,.F.);
#545=ORIENTED_EDGE('',*,*,#768,.T.);
#546=ORIENTED_EDGE('',*,*,#609,.F.);
#547=ORIENTED_EDGE('',*,*,#770,.F.);
#548=ORIENTED_EDGE('',*,*,#723,.F.);
#549=ORIENTED_EDGE('',*,*,#591,.F.);
#550=ORIENTED_EDGE('',*,*,#715,.F.);
#551=ORIENTED_EDGE('',*,*,#771,.F.);
#552=ORIENTED_EDGE('',*,*,#602,.F.);
#553=ORIENTED_EDGE('',*,*,#769,.T.);
#554=ORIENTED_EDGE('',*,*,#702,.F.);
#555=ORIENTED_EDGE('',*,*,#772,.F.);
#556=ORIENTED_EDGE('',*,*,#606,.F.);
#557=ORIENTED_EDGE('',*,*,#771,.T.);
#558=ORIENTED_EDGE('',*,*,#770,.T.);
#559=ORIENTED_EDGE('',*,*,#773,.F.);
#560=ORIENTED_EDGE('',*,*,#772,.T.);
#561=ORIENTED_EDGE('',*,*,#681,.F.);
#562=ORIENTED_EDGE('',*,*,#774,.F.);
#563=ORIENTED_EDGE('',*,*,#607,.F.);
#564=ORIENTED_EDGE('',*,*,#773,.T.);
#565=ORIENTED_EDGE('',*,*,#608,.F.);
#566=ORIENTED_EDGE('',*,*,#775,.F.);
#567=ORIENTED_EDGE('',*,*,#600,.F.);
#568=ORIENTED_EDGE('',*,*,#775,.T.);
#569=ORIENTED_EDGE('',*,*,#774,.T.);
#570=ORIENTED_EDGE('',*,*,#776,.F.);
#571=ORIENTED_EDGE('',*,*,#593,.F.);
#572=ORIENTED_EDGE('',*,*,#601,.F.);
#573=ORIENTED_EDGE('',*,*,#776,.T.);
#574=ORIENTED_EDGE('',*,*,#680,.F.);
#575=EDGE_CURVE('',#777,#778,#899,.F.);
#576=EDGE_CURVE('',#778,#779,#900,.T.);
#577=EDGE_CURVE('',#779,#780,#901,.T.);
#578=EDGE_CURVE('',#780,#777,#902,.F.);
#579=EDGE_CURVE('',#781,#782,#167,.T.);
#580=EDGE_CURVE('',#783,#781,#81,.F.);
#581=EDGE_CURVE('',#784,#783,#168,.T.);
#582=EDGE_CURVE('',#784,#782,#82,.T.);
#583=EDGE_CURVE('',#785,#785,#83,.T.);
#584=EDGE_CURVE('',#786,#787,#84,.F.);
#585=EDGE_CURVE('',#787,#788,#169,.T.);
#586=EDGE_CURVE('',#789,#788,#85,.T.);
#587=EDGE_CURVE('',#789,#786,#170,.T.);
#588=EDGE_CURVE('',#790,#791,#903,.T.);
#589=EDGE_CURVE('',#790,#792,#904,.T.);
#590=EDGE_CURVE('',#793,#792,#905,.T.);
#591=EDGE_CURVE('',#793,#794,#86,.T.);
#592=EDGE_CURVE('',#795,#794,#906,.T.);
#593=EDGE_CURVE('',#795,#791,#87,.T.);
#594=EDGE_CURVE('',#796,#797,#907,.T.);
#595=EDGE_CURVE('',#796,#798,#908,.T.);
#596=EDGE_CURVE('',#798,#799,#909,.T.);
#597=EDGE_CURVE('',#799,#800,#88,.T.);
#598=EDGE_CURVE('',#801,#800,#910,.T.);
#599=EDGE_CURVE('',#801,#797,#89,.T.);
#600=EDGE_CURVE('',#802,#803,#911,.F.);
#601=EDGE_CURVE('',#803,#795,#912,.F.);
#602=EDGE_CURVE('',#794,#802,#913,.F.);
#603=EDGE_CURVE('',#800,#804,#914,.T.);
#604=EDGE_CURVE('',#804,#805,#915,.F.);
#605=EDGE_CURVE('',#805,#801,#916,.F.);
#606=EDGE_CURVE('',#806,#807,#90,.F.);
#607=EDGE_CURVE('',#807,#808,#917,.F.);
#608=EDGE_CURVE('',#808,#809,#918,.T.);
#609=EDGE_CURVE('',#809,#810,#919,.F.);
#610=EDGE_CURVE('',#810,#811,#91,.T.);
#611=EDGE_CURVE('',#811,#812,#920,.F.);
#612=EDGE_CURVE('',#812,#813,#92,.T.);
#613=EDGE_CURVE('',#813,#814,#921,.F.);
#614=EDGE_CURVE('',#814,#815,#922,.T.);
#615=EDGE_CURVE('',#815,#816,#923,.T.);
#616=EDGE_CURVE('',#816,#817,#93,.F.);
#617=EDGE_CURVE('',#817,#806,#924,.F.);
#618=EDGE_CURVE('',#818,#819,#925,.F.);
#619=EDGE_CURVE('',#819,#820,#926,.F.);
#620=EDGE_CURVE('',#820,#821,#927,.F.);
#621=EDGE_CURVE('',#821,#822,#94,.F.);
#622=EDGE_CURVE('',#822,#823,#928,.T.);
#623=EDGE_CURVE('',#823,#824,#95,.F.);
#624=EDGE_CURVE('',#824,#825,#929,.T.);
#625=EDGE_CURVE('',#825,#826,#930,.F.);
#626=EDGE_CURVE('',#826,#827,#931,.F.);
#627=EDGE_CURVE('',#827,#828,#96,.T.);
#628=EDGE_CURVE('',#828,#829,#932,.F.);
#629=EDGE_CURVE('',#829,#818,#97,.T.);
#630=EDGE_CURVE('',#830,#831,#933,.T.);
#631=EDGE_CURVE('',#830,#832,#934,.F.);
#632=EDGE_CURVE('',#832,#833,#935,.T.);
#633=EDGE_CURVE('',#833,#831,#936,.F.);
#634=EDGE_CURVE('',#834,#835,#937,.T.);
#635=EDGE_CURVE('',#835,#836,#938,.T.);
#636=EDGE_CURVE('',#837,#836,#939,.T.);
#637=EDGE_CURVE('',#837,#834,#940,.F.);
#638=EDGE_CURVE('',#838,#839,#941,.T.);
#639=EDGE_CURVE('',#838,#840,#942,.F.);
#640=EDGE_CURVE('',#841,#840,#943,.T.);
#641=EDGE_CURVE('',#841,#830,#98,.T.);
#642=EDGE_CURVE('',#831,#839,#99,.T.);
#643=EDGE_CURVE('',#842,#843,#944,.T.);
#644=EDGE_CURVE('',#843,#844,#945,.F.);
#645=EDGE_CURVE('',#845,#844,#946,.T.);
#646=EDGE_CURVE('',#845,#837,#100,.T.);
#647=EDGE_CURVE('',#836,#842,#101,.T.);
#648=EDGE_CURVE('',#846,#847,#947,.T.);
#649=EDGE_CURVE('',#847,#848,#948,.F.);
#650=EDGE_CURVE('',#849,#848,#949,.T.);
#651=EDGE_CURVE('',#849,#846,#950,.T.);
#652=EDGE_CURVE('',#850,#851,#951,.T.);
#653=EDGE_CURVE('',#850,#852,#952,.T.);
#654=EDGE_CURVE('',#852,#853,#953,.T.);
#655=EDGE_CURVE('',#853,#851,#954,.F.);
#656=EDGE_CURVE('',#854,#855,#955,.T.);
#657=EDGE_CURVE('',#854,#856,#956,.T.);
#658=EDGE_CURVE('',#857,#856,#957,.T.);
#659=EDGE_CURVE('',#855,#857,#958,.T.);
#660=EDGE_CURVE('',#858,#859,#959,.T.);
#661=EDGE_CURVE('',#858,#860,#960,.T.);
#662=EDGE_CURVE('',#860,#861,#961,.T.);
#663=EDGE_CURVE('',#859,#861,#962,.T.);
#664=EDGE_CURVE('',#862,#863,#963,.T.);
#665=EDGE_CURVE('',#862,#864,#964,.F.);
#666=EDGE_CURVE('',#865,#864,#965,.T.);
#667=EDGE_CURVE('',#865,#863,#966,.T.);
#668=EDGE_CURVE('',#866,#867,#967,.T.);
#669=EDGE_CURVE('',#867,#868,#968,.F.);
#670=EDGE_CURVE('',#869,#868,#969,.T.);
#671=EDGE_CURVE('',#869,#866,#970,.T.);
#672=EDGE_CURVE('',#870,#871,#971,.T.);
#673=EDGE_CURVE('',#870,#872,#972,.T.);
#674=EDGE_CURVE('',#873,#872,#973,.T.);
#675=EDGE_CURVE('',#873,#871,#974,.F.);
#676=EDGE_CURVE('',#874,#875,#975,.T.);
#677=EDGE_CURVE('',#874,#876,#976,.T.);
#678=EDGE_CURVE('',#876,#877,#977,.T.);
#679=EDGE_CURVE('',#877,#875,#978,.F.);
#680=EDGE_CURVE('',#791,#878,#979,.T.);
#681=EDGE_CURVE('',#878,#879,#980,.T.);
#682=EDGE_CURVE('',#879,#880,#981,.T.);
#683=EDGE_CURVE('',#880,#881,#982,.T.);
#684=EDGE_CURVE('',#881,#841,#983,.T.);
#685=EDGE_CURVE('',#840,#849,#102,.F.);
#686=EDGE_CURVE('',#848,#854,#103,.F.);
#687=EDGE_CURVE('',#855,#865,#984,.T.);
#688=EDGE_CURVE('',#864,#870,#104,.F.);
#689=EDGE_CURVE('',#871,#790,#105,.F.);
#690=EDGE_CURVE('',#882,#883,#985,.F.);
#691=EDGE_CURVE('',#883,#884,#986,.F.);
#692=EDGE_CURVE('',#884,#799,#987,.F.);
#693=EDGE_CURVE('',#798,#877,#106,.T.);
#694=EDGE_CURVE('',#876,#867,#107,.T.);
#695=EDGE_CURVE('',#861,#866,#988,.T.);
#696=EDGE_CURVE('',#860,#853,#108,.T.);
#697=EDGE_CURVE('',#852,#843,#109,.T.);
#698=EDGE_CURVE('',#842,#885,#989,.F.);
#699=EDGE_CURVE('',#885,#882,#990,.F.);
#700=EDGE_CURVE('',#779,#883,#110,.T.);
#701=EDGE_CURVE('',#882,#780,#111,.T.);
#702=EDGE_CURVE('',#879,#778,#112,.T.);
#703=EDGE_CURVE('',#777,#880,#113,.T.);
#704=EDGE_CURVE('',#886,#887,#991,.T.);
#705=EDGE_CURVE('',#887,#888,#114,.F.);
#706=EDGE_CURVE('',#889,#888,#992,.T.);
#707=EDGE_CURVE('',#889,#886,#115,.F.);
#708=EDGE_CURVE('',#890,#890,#116,.T.);
#709=EDGE_CURVE('',#891,#892,#993,.T.);
#710=EDGE_CURVE('',#892,#887,#994,.T.);
#711=EDGE_CURVE('',#886,#891,#995,.T.);
#712=EDGE_CURVE('',#893,#894,#996,.T.);
#713=EDGE_CURVE('',#894,#892,#117,.F.);
#714=EDGE_CURVE('',#891,#893,#118,.F.);
#715=EDGE_CURVE('',#895,#793,#997,.T.);
#716=EDGE_CURVE('',#792,#873,#119,.T.);
#717=EDGE_CURVE('',#872,#862,#120,.T.);
#718=EDGE_CURVE('',#857,#863,#998,.T.);
#719=EDGE_CURVE('',#856,#847,#121,.T.);
#720=EDGE_CURVE('',#846,#838,#122,.T.);
#721=EDGE_CURVE('',#839,#896,#999,.T.);
#722=EDGE_CURVE('',#896,#889,#1000,.T.);
#723=EDGE_CURVE('',#888,#895,#1001,.T.);
#724=EDGE_CURVE('',#797,#897,#1002,.T.);
#725=EDGE_CURVE('',#897,#894,#1003,.T.);
#726=EDGE_CURVE('',#893,#898,#1004,.T.);
#727=EDGE_CURVE('',#898,#845,#1005,.T.);
#728=EDGE_CURVE('',#844,#850,#123,.T.);
#729=EDGE_CURVE('',#851,#858,#124,.T.);
#730=EDGE_CURVE('',#869,#859,#1006,.T.);
#731=EDGE_CURVE('',#868,#874,#125,.T.);
#732=EDGE_CURVE('',#875,#796,#126,.T.);
#733=EDGE_CURVE('',#788,#782,#38,.T.);
#734=EDGE_CURVE('',#789,#784,#39,.T.);
#735=EDGE_CURVE('',#787,#781,#40,.T.);
#736=EDGE_CURVE('',#786,#783,#41,.T.);
#737=EDGE_CURVE('',#834,#898,#127,.T.);
#738=EDGE_CURVE('',#834,#826,#128,.F.);
#739=EDGE_CURVE('',#826,#898,#129,.F.);
#740=EDGE_CURVE('',#827,#893,#130,.T.);
#741=EDGE_CURVE('',#835,#825,#131,.T.);
#742=EDGE_CURVE('',#885,#835,#132,.T.);
#743=EDGE_CURVE('',#828,#891,#133,.T.);
#744=EDGE_CURVE('',#885,#825,#134,.F.);
#745=EDGE_CURVE('',#829,#886,#135,.T.);
#746=EDGE_CURVE('',#882,#824,#136,.T.);
#747=EDGE_CURVE('',#818,#889,#137,.T.);
#748=EDGE_CURVE('',#780,#823,#138,.T.);
#749=EDGE_CURVE('',#896,#833,#139,.T.);
#750=EDGE_CURVE('',#819,#896,#140,.T.);
#751=EDGE_CURVE('',#777,#822,#141,.T.);
#752=EDGE_CURVE('',#819,#833,#142,.F.);
#753=EDGE_CURVE('',#880,#821,#143,.T.);
#754=EDGE_CURVE('',#820,#832,#144,.T.);
#755=EDGE_CURVE('',#881,#820,#145,.T.);
#756=EDGE_CURVE('',#881,#832,#146,.F.);
#757=EDGE_CURVE('',#897,#805,#147,.T.);
#758=EDGE_CURVE('',#897,#814,#148,.F.);
#759=EDGE_CURVE('',#814,#805,#149,.F.);
#760=EDGE_CURVE('',#804,#884,#150,.T.);
#761=EDGE_CURVE('',#815,#804,#151,.T.);
#762=EDGE_CURVE('',#894,#813,#152,.T.);
#763=EDGE_CURVE('',#815,#884,#153,.F.);
#764=EDGE_CURVE('',#892,#812,#154,.T.);
#765=EDGE_CURVE('',#816,#883,#155,.T.);
#766=EDGE_CURVE('',#887,#811,#156,.T.);
#767=EDGE_CURVE('',#817,#779,#157,.T.);
#768=EDGE_CURVE('',#888,#810,#158,.T.);
#769=EDGE_CURVE('',#806,#778,#159,.T.);
#770=EDGE_CURVE('',#895,#809,#160,.T.);
#771=EDGE_CURVE('',#802,#895,#161,.T.);
#772=EDGE_CURVE('',#807,#879,#162,.T.);
#773=EDGE_CURVE('',#802,#809,#163,.F.);
#774=EDGE_CURVE('',#808,#878,#164,.T.);
#775=EDGE_CURVE('',#803,#808,#165,.T.);
#776=EDGE_CURVE('',#803,#878,#166,.F.);
#777=VERTEX_POINT('',#2032);
#778=VERTEX_POINT('',#2033);
#779=VERTEX_POINT('',#2035);
#780=VERTEX_POINT('',#2037);
#781=VERTEX_POINT('',#2044);
#782=VERTEX_POINT('',#2045);
#783=VERTEX_POINT('',#2047);
#784=VERTEX_POINT('',#2053);
#785=VERTEX_POINT('',#2057);
#786=VERTEX_POINT('',#2059);
#787=VERTEX_POINT('',#2060);
#788=VERTEX_POINT('',#2066);
#789=VERTEX_POINT('',#2068);
#790=VERTEX_POINT('',#2076);
#791=VERTEX_POINT('',#2077);
#792=VERTEX_POINT('',#2079);
#793=VERTEX_POINT('',#2081);
#794=VERTEX_POINT('',#2083);
#795=VERTEX_POINT('',#2085);
#796=VERTEX_POINT('',#2089);
#797=VERTEX_POINT('',#2090);
#798=VERTEX_POINT('',#2092);
#799=VERTEX_POINT('',#2094);
#800=VERTEX_POINT('',#2096);
#801=VERTEX_POINT('',#2098);
#802=VERTEX_POINT('',#2102);
#803=VERTEX_POINT('',#2103);
#804=VERTEX_POINT('',#2108);
#805=VERTEX_POINT('',#2110);
#806=VERTEX_POINT('',#2114);
#807=VERTEX_POINT('',#2115);
#808=VERTEX_POINT('',#2117);
#809=VERTEX_POINT('',#2119);
#810=VERTEX_POINT('',#2121);
#811=VERTEX_POINT('',#2123);
#812=VERTEX_POINT('',#2125);
#813=VERTEX_POINT('',#2127);
#814=VERTEX_POINT('',#2129);
#815=VERTEX_POINT('',#2131);
#816=VERTEX_POINT('',#2133);
#817=VERTEX_POINT('',#2135);
#818=VERTEX_POINT('',#2139);
#819=VERTEX_POINT('',#2140);
#820=VERTEX_POINT('',#2142);
#821=VERTEX_POINT('',#2144);
#822=VERTEX_POINT('',#2146);
#823=VERTEX_POINT('',#2148);
#824=VERTEX_POINT('',#2150);
#825=VERTEX_POINT('',#2152);
#826=VERTEX_POINT('',#2154);
#827=VERTEX_POINT('',#2156);
#828=VERTEX_POINT('',#2158);
#829=VERTEX_POINT('',#2160);
#830=VERTEX_POINT('',#2164);
#831=VERTEX_POINT('',#2165);
#832=VERTEX_POINT('',#2167);
#833=VERTEX_POINT('',#2169);
#834=VERTEX_POINT('',#2173);
#835=VERTEX_POINT('',#2174);
#836=VERTEX_POINT('',#2176);
#837=VERTEX_POINT('',#2178);
#838=VERTEX_POINT('',#2182);
#839=VERTEX_POINT('',#2183);
#840=VERTEX_POINT('',#2185);
#841=VERTEX_POINT('',#2187);
#842=VERTEX_POINT('',#2192);
#843=VERTEX_POINT('',#2193);
#844=VERTEX_POINT('',#2195);
#845=VERTEX_POINT('',#2197);
#846=VERTEX_POINT('',#2202);
#847=VERTEX_POINT('',#2203);
#848=VERTEX_POINT('',#2205);
#849=VERTEX_POINT('',#2207);
#850=VERTEX_POINT('',#2211);
#851=VERTEX_POINT('',#2212);
#852=VERTEX_POINT('',#2214);
#853=VERTEX_POINT('',#2216);
#854=VERTEX_POINT('',#2220);
#855=VERTEX_POINT('',#2221);
#856=VERTEX_POINT('',#2223);
#857=VERTEX_POINT('',#2225);
#858=VERTEX_POINT('',#2229);
#859=VERTEX_POINT('',#2230);
#860=VERTEX_POINT('',#2232);
#861=VERTEX_POINT('',#2234);
#862=VERTEX_POINT('',#2238);
#863=VERTEX_POINT('',#2239);
#864=VERTEX_POINT('',#2241);
#865=VERTEX_POINT('',#2243);
#866=VERTEX_POINT('',#2247);
#867=VERTEX_POINT('',#2248);
#868=VERTEX_POINT('',#2250);
#869=VERTEX_POINT('',#2252);
#870=VERTEX_POINT('',#2256);
#871=VERTEX_POINT('',#2257);
#872=VERTEX_POINT('',#2259);
#873=VERTEX_POINT('',#2261);
#874=VERTEX_POINT('',#2265);
#875=VERTEX_POINT('',#2266);
#876=VERTEX_POINT('',#2268);
#877=VERTEX_POINT('',#2270);
#878=VERTEX_POINT('',#2274);
#879=VERTEX_POINT('',#2276);
#880=VERTEX_POINT('',#2278);
#881=VERTEX_POINT('',#2280);
#882=VERTEX_POINT('',#2289);
#883=VERTEX_POINT('',#2290);
#884=VERTEX_POINT('',#2292);
#885=VERTEX_POINT('',#2300);
#886=VERTEX_POINT('',#2310);
#887=VERTEX_POINT('',#2311);
#888=VERTEX_POINT('',#2313);
#889=VERTEX_POINT('',#2315);
#890=VERTEX_POINT('',#2319);
#891=VERTEX_POINT('',#2321);
#892=VERTEX_POINT('',#2322);
#893=VERTEX_POINT('',#2327);
#894=VERTEX_POINT('',#2328);
#895=VERTEX_POINT('',#2333);
#896=VERTEX_POINT('',#2340);
#897=VERTEX_POINT('',#2345);
#898=VERTEX_POINT('',#2348);
#899=LINE('',#2031,#1007);
#900=LINE('',#2034,#1008);
#901=LINE('',#2036,#1009);
#902=LINE('',#2038,#1010);
#903=LINE('',#2075,#1011);
#904=LINE('',#2078,#1012);
#905=LINE('',#2080,#1013);
#906=LINE('',#2084,#1014);
#907=LINE('',#2088,#1015);
#908=LINE('',#2091,#1016);
#909=LINE('',#2093,#1017);
#910=LINE('',#2097,#1018);
#911=LINE('',#2101,#1019);
#912=LINE('',#2104,#1020);
#913=LINE('',#2105,#1021);
#914=LINE('',#2107,#1022);
#915=LINE('',#2109,#1023);
#916=LINE('',#2111,#1024);
#917=LINE('',#2116,#1025);
#918=LINE('',#2118,#1026);
#919=LINE('',#2120,#1027);
#920=LINE('',#2124,#1028);
#921=LINE('',#2128,#1029);
#922=LINE('',#2130,#1030);
#923=LINE('',#2132,#1031);
#924=LINE('',#2136,#1032);
#925=LINE('',#2138,#1033);
#926=LINE('',#2141,#1034);
#927=LINE('',#2143,#1035);
#928=LINE('',#2147,#1036);
#929=LINE('',#2151,#1037);
#930=LINE('',#2153,#1038);
#931=LINE('',#2155,#1039);
#932=LINE('',#2159,#1040);
#933=LINE('',#2163,#1041);
#934=LINE('',#2166,#1042);
#935=LINE('',#2168,#1043);
#936=LINE('',#2170,#1044);
#937=LINE('',#2172,#1045);
#938=LINE('',#2175,#1046);
#939=LINE('',#2177,#1047);
#940=LINE('',#2179,#1048);
#941=LINE('',#2181,#1049);
#942=LINE('',#2184,#1050);
#943=LINE('',#2186,#1051);
#944=LINE('',#2191,#1052);
#945=LINE('',#2194,#1053);
#946=LINE('',#2196,#1054);
#947=LINE('',#2201,#1055);
#948=LINE('',#2204,#1056);
#949=LINE('',#2206,#1057);
#950=LINE('',#2208,#1058);
#951=LINE('',#2210,#1059);
#952=LINE('',#2213,#1060);
#953=LINE('',#2215,#1061);
#954=LINE('',#2217,#1062);
#955=LINE('',#2219,#1063);
#956=LINE('',#2222,#1064);
#957=LINE('',#2224,#1065);
#958=LINE('',#2226,#1066);
#959=LINE('',#2228,#1067);
#960=LINE('',#2231,#1068);
#961=LINE('',#2233,#1069);
#962=LINE('',#2235,#1070);
#963=LINE('',#2237,#1071);
#964=LINE('',#2240,#1072);
#965=LINE('',#2242,#1073);
#966=LINE('',#2244,#1074);
#967=LINE('',#2246,#1075);
#968=LINE('',#2249,#1076);
#969=LINE('',#2251,#1077);
#970=LINE('',#2253,#1078);
#971=LINE('',#2255,#1079);
#972=LINE('',#2258,#1080);
#973=LINE('',#2260,#1081);
#974=LINE('',#2262,#1082);
#975=LINE('',#2264,#1083);
#976=LINE('',#2267,#1084);
#977=LINE('',#2269,#1085);
#978=LINE('',#2271,#1086);
#979=LINE('',#2273,#1087);
#980=LINE('',#2275,#1088);
#981=LINE('',#2277,#1089);
#982=LINE('',#2279,#1090);
#983=LINE('',#2281,#1091);
#984=LINE('',#2284,#1092);
#985=LINE('',#2288,#1093);
#986=LINE('',#2291,#1094);
#987=LINE('',#2293,#1095);
#988=LINE('',#2296,#1096);
#989=LINE('',#2299,#1097);
#990=LINE('',#2301,#1098);
#991=LINE('',#2309,#1099);
#992=LINE('',#2314,#1100);
#993=LINE('',#2320,#1101);
#994=LINE('',#2323,#1102);
#995=LINE('',#2324,#1103);
#996=LINE('',#2326,#1104);
#997=LINE('',#2332,#1105);
#998=LINE('',#2336,#1106);
#999=LINE('',#2339,#1107);
#1000=LINE('',#2341,#1108);
#1001=LINE('',#2342,#1109);
#1002=LINE('',#2344,#1110);
#1003=LINE('',#2346,#1111);
#1004=LINE('',#2347,#1112);
#1005=LINE('',#2349,#1113);
#1006=LINE('',#2352,#1114);
#1007=VECTOR('',#1587,1000.);
#1008=VECTOR('',#1588,1000.);
#1009=VECTOR('',#1589,1000.);
#1010=VECTOR('',#1590,1000.);
#1011=VECTOR('',#1605,1000.);
#1012=VECTOR('',#1606,1000.);
#1013=VECTOR('',#1607,1000.);
#1014=VECTOR('',#1610,1000.);
#1015=VECTOR('',#1615,1000.);
#1016=VECTOR('',#1616,1000.);
#1017=VECTOR('',#1617,1000.);
#1018=VECTOR('',#1620,1000.);
#1019=VECTOR('',#1625,1000.);
#1020=VECTOR('',#1626,1000.);
#1021=VECTOR('',#1627,1000.);
#1022=VECTOR('',#1630,1000.);
#1023=VECTOR('',#1631,1000.);
#1024=VECTOR('',#1632,1000.);
#1025=VECTOR('',#1637,1000.);
#1026=VECTOR('',#1638,1000.);
#1027=VECTOR('',#1639,1000.);
#1028=VECTOR('',#1642,1000.);
#1029=VECTOR('',#1645,1000.);
#1030=VECTOR('',#1646,1000.);
#1031=VECTOR('',#1647,1000.);
#1032=VECTOR('',#1650,1000.);
#1033=VECTOR('',#1653,1000.);
#1034=VECTOR('',#1654,1000.);
#1035=VECTOR('',#1655,1000.);
#1036=VECTOR('',#1658,1000.);
#1037=VECTOR('',#1661,1000.);
#1038=VECTOR('',#1662,1000.);
#1039=VECTOR('',#1663,1000.);
#1040=VECTOR('',#1666,1000.);
#1041=VECTOR('',#1671,1000.);
#1042=VECTOR('',#1672,1000.);
#1043=VECTOR('',#1673,1000.);
#1044=VECTOR('',#1674,1000.);
#1045=VECTOR('',#1677,1000.);
#1046=VECTOR('',#1678,1000.);
#1047=VECTOR('',#1679,1000.);
#1048=VECTOR('',#1680,1000.);
#1049=VECTOR('',#1683,1000.);
#1050=VECTOR('',#1684,1000.);
#1051=VECTOR('',#1685,1000.);
#1052=VECTOR('',#1692,1000.);
#1053=VECTOR('',#1693,1000.);
#1054=VECTOR('',#1694,1000.);
#1055=VECTOR('',#1701,1000.);
#1056=VECTOR('',#1702,1000.);
#1057=VECTOR('',#1703,1000.);
#1058=VECTOR('',#1704,1000.);
#1059=VECTOR('',#1707,1000.);
#1060=VECTOR('',#1708,1000.);
#1061=VECTOR('',#1709,1000.);
#1062=VECTOR('',#1710,1000.);
#1063=VECTOR('',#1713,1000.);
#1064=VECTOR('',#1714,1000.);
#1065=VECTOR('',#1715,1000.);
#1066=VECTOR('',#1716,1000.);
#1067=VECTOR('',#1719,1000.);
#1068=VECTOR('',#1720,1000.);
#1069=VECTOR('',#1721,1000.);
#1070=VECTOR('',#1722,1000.);
#1071=VECTOR('',#1725,1000.);
#1072=VECTOR('',#1726,1000.);
#1073=VECTOR('',#1727,1000.);
#1074=VECTOR('',#1728,1000.);
#1075=VECTOR('',#1731,1000.);
#1076=VECTOR('',#1732,1000.);
#1077=VECTOR('',#1733,1000.);
#1078=VECTOR('',#1734,1000.);
#1079=VECTOR('',#1737,1000.);
#1080=VECTOR('',#1738,1000.);
#1081=VECTOR('',#1739,1000.);
#1082=VECTOR('',#1740,1000.);
#1083=VECTOR('',#1743,1000.);
#1084=VECTOR('',#1744,1000.);
#1085=VECTOR('',#1745,1000.);
#1086=VECTOR('',#1746,1000.);
#1087=VECTOR('',#1749,1000.);
#1088=VECTOR('',#1750,1000.);
#1089=VECTOR('',#1751,1000.);
#1090=VECTOR('',#1752,1000.);
#1091=VECTOR('',#1753,1000.);
#1092=VECTOR('',#1758,1000.);
#1093=VECTOR('',#1765,1000.);
#1094=VECTOR('',#1766,1000.);
#1095=VECTOR('',#1767,1000.);
#1096=VECTOR('',#1772,1000.);
#1097=VECTOR('',#1777,1000.);
#1098=VECTOR('',#1778,1000.);
#1099=VECTOR('',#1793,1000.);
#1100=VECTOR('',#1796,1000.);
#1101=VECTOR('',#1803,1000.);
#1102=VECTOR('',#1804,1000.);
#1103=VECTOR('',#1805,1000.);
#1104=VECTOR('',#1808,1000.);
#1105=VECTOR('',#1815,1000.);
#1106=VECTOR('',#1820,1000.);
#1107=VECTOR('',#1825,1000.);
#1108=VECTOR('',#1826,1000.);
#1109=VECTOR('',#1827,1000.);
#1110=VECTOR('',#1830,1000.);
#1111=VECTOR('',#1831,1000.);
#1112=VECTOR('',#1832,1000.);
#1113=VECTOR('',#1833,1000.);
#1114=VECTOR('',#1838,1000.);
#1115=EDGE_LOOP('',(#171,#172,#173,#174));
#1116=EDGE_LOOP('',(#175,#176,#177,#178));
#1117=EDGE_LOOP('',(#179));
#1118=EDGE_LOOP('',(#180,#181,#182,#183));
#1119=EDGE_LOOP('',(#184,#185,#186,#187,#188,#189));
#1120=EDGE_LOOP('',(#190,#191,#192,#193,#194,#195));
#1121=EDGE_LOOP('',(#196,#197,#198,#199));
#1122=EDGE_LOOP('',(#200,#201,#202,#203));
#1123=EDGE_LOOP('',(#204,#205,#206,#207,#208,#209,#210,#211,#212,#213,#214,
#215));
#1124=EDGE_LOOP('',(#216,#217,#218,#219,#220,#221,#222,#223,#224,#225,#226,
#227));
#1125=EDGE_LOOP('',(#228,#229,#230,#231));
#1126=EDGE_LOOP('',(#232,#233,#234,#235));
#1127=EDGE_LOOP('',(#236,#237,#238,#239,#240,#241));
#1128=EDGE_LOOP('',(#242,#243,#244,#245,#246,#247));
#1129=EDGE_LOOP('',(#248,#249,#250,#251));
#1130=EDGE_LOOP('',(#252,#253,#254,#255));
#1131=EDGE_LOOP('',(#256,#257,#258,#259));
#1132=EDGE_LOOP('',(#260,#261,#262,#263));
#1133=EDGE_LOOP('',(#264,#265,#266,#267));
#1134=EDGE_LOOP('',(#268,#269,#270,#271));
#1135=EDGE_LOOP('',(#272,#273,#274,#275));
#1136=EDGE_LOOP('',(#276,#277,#278,#279));
#1137=EDGE_LOOP('',(#280,#281,#282,#283,#284,#285,#286,#287,#288,#289,#290,
#291,#292,#293,#294,#295));
#1138=EDGE_LOOP('',(#296,#297,#298,#299,#300,#301,#302,#303,#304,#305,#306,
#307,#308,#309,#310,#311));
#1139=EDGE_LOOP('',(#312,#313,#314,#315));
#1140=EDGE_LOOP('',(#316,#317,#318,#319));
#1141=EDGE_LOOP('',(#320,#321,#322,#323));
#1142=EDGE_LOOP('',(#324));
#1143=EDGE_LOOP('',(#325,#326,#327,#328));
#1144=EDGE_LOOP('',(#329,#330,#331,#332));
#1145=EDGE_LOOP('',(#333,#334,#335,#336,#337,#338,#339,#340,#341,#342,#343,
#344,#345,#346,#347,#348));
#1146=EDGE_LOOP('',(#349,#350,#351,#352,#353,#354,#355,#356,#357,#358,#359,
#360,#361,#362,#363,#364));
#1147=EDGE_LOOP('',(#365,#366,#367,#368));
#1148=EDGE_LOOP('',(#369,#370,#371,#372));
#1149=EDGE_LOOP('',(#373,#374,#375,#376));
#1150=EDGE_LOOP('',(#377,#378,#379,#380));
#1151=EDGE_LOOP('',(#381,#382,#383,#384));
#1152=EDGE_LOOP('',(#385,#386,#387,#388));
#1153=EDGE_LOOP('',(#389,#390,#391,#392));
#1154=EDGE_LOOP('',(#393,#394,#395,#396));
#1155=EDGE_LOOP('',(#397,#398,#399,#400));
#1156=EDGE_LOOP('',(#401,#402,#403,#404));
#1157=EDGE_LOOP('',(#405,#406,#407,#408));
#1158=EDGE_LOOP('',(#409));
#1159=EDGE_LOOP('',(#410));
#1160=EDGE_LOOP('',(#411,#412,#413,#414));
#1161=EDGE_LOOP('',(#415,#416,#417,#418));
#1162=EDGE_LOOP('',(#419,#420,#421,#422));
#1163=EDGE_LOOP('',(#423,#424,#425,#426));
#1164=EDGE_LOOP('',(#427,#428,#429));
#1165=EDGE_LOOP('',(#430,#431,#432,#433));
#1166=EDGE_LOOP('',(#434,#435,#436,#437));
#1167=EDGE_LOOP('',(#438,#439,#440,#441));
#1168=EDGE_LOOP('',(#442,#443,#444,#445));
#1169=EDGE_LOOP('',(#446,#447,#448));
#1170=EDGE_LOOP('',(#449,#450,#451,#452));
#1171=EDGE_LOOP('',(#453,#454,#455,#456));
#1172=EDGE_LOOP('',(#457,#458,#459,#460));
#1173=EDGE_LOOP('',(#461,#462,#463,#464));
#1174=EDGE_LOOP('',(#465,#466,#467,#468));
#1175=EDGE_LOOP('',(#469,#470,#471,#472));
#1176=EDGE_LOOP('',(#473,#474,#475,#476));
#1177=EDGE_LOOP('',(#477,#478,#479));
#1178=EDGE_LOOP('',(#480,#481,#482,#483));
#1179=EDGE_LOOP('',(#484,#485,#486,#487));
#1180=EDGE_LOOP('',(#488,#489,#490,#491));
#1181=EDGE_LOOP('',(#492,#493,#494));
#1182=EDGE_LOOP('',(#495,#496,#497,#498));
#1183=EDGE_LOOP('',(#499,#500,#501,#502));
#1184=EDGE_LOOP('',(#503,#504,#505));
#1185=EDGE_LOOP('',(#506,#507,#508,#509));
#1186=EDGE_LOOP('',(#510,#511,#512,#513));
#1187=EDGE_LOOP('',(#514,#515,#516,#517));
#1188=EDGE_LOOP('',(#518,#519,#520));
#1189=EDGE_LOOP('',(#521,#522,#523,#524));
#1190=EDGE_LOOP('',(#525,#526,#527,#528));
#1191=EDGE_LOOP('',(#529,#530,#531,#532));
#1192=EDGE_LOOP('',(#533,#534,#535,#536));
#1193=EDGE_LOOP('',(#537,#538,#539,#540));
#1194=EDGE_LOOP('',(#541,#542,#543,#544));
#1195=EDGE_LOOP('',(#545,#546,#547,#548));
#1196=EDGE_LOOP('',(#549,#550,#551,#552));
#1197=EDGE_LOOP('',(#553,#554,#555,#556));
#1198=EDGE_LOOP('',(#557,#558,#559));
#1199=EDGE_LOOP('',(#560,#561,#562,#563));
#1200=EDGE_LOOP('',(#564,#565,#566,#567));
#1201=EDGE_LOOP('',(#568,#569,#570));
#1202=EDGE_LOOP('',(#571,#572,#573,#574));
#1203=FACE_BOUND('',#1115,.T.);
#1204=FACE_BOUND('',#1116,.T.);
#1205=FACE_BOUND('',#1117,.T.);
#1206=FACE_BOUND('',#1118,.T.);
#1207=FACE_BOUND('',#1119,.T.);
#1208=FACE_BOUND('',#1120,.T.);
#1209=FACE_BOUND('',#1121,.T.);
#1210=FACE_BOUND('',#1122,.T.);
#1211=FACE_BOUND('',#1123,.T.);
#1212=FACE_BOUND('',#1124,.T.);
#1213=FACE_BOUND('',#1125,.T.);
#1214=FACE_BOUND('',#1126,.T.);
#1215=FACE_BOUND('',#1127,.T.);
#1216=FACE_BOUND('',#1128,.T.);
#1217=FACE_BOUND('',#1129,.T.);
#1218=FACE_BOUND('',#1130,.T.);
#1219=FACE_BOUND('',#1131,.T.);
#1220=FACE_BOUND('',#1132,.T.);
#1221=FACE_BOUND('',#1133,.T.);
#1222=FACE_BOUND('',#1134,.T.);
#1223=FACE_BOUND('',#1135,.T.);
#1224=FACE_BOUND('',#1136,.T.);
#1225=FACE_BOUND('',#1137,.T.);
#1226=FACE_BOUND('',#1138,.T.);
#1227=FACE_BOUND('',#1139,.T.);
#1228=FACE_BOUND('',#1140,.T.);
#1229=FACE_BOUND('',#1141,.T.);
#1230=FACE_BOUND('',#1142,.T.);
#1231=FACE_BOUND('',#1143,.T.);
#1232=FACE_BOUND('',#1144,.T.);
#1233=FACE_BOUND('',#1145,.T.);
#1234=FACE_BOUND('',#1146,.T.);
#1235=FACE_BOUND('',#1147,.T.);
#1236=FACE_BOUND('',#1148,.T.);
#1237=FACE_BOUND('',#1149,.T.);
#1238=FACE_BOUND('',#1150,.T.);
#1239=FACE_BOUND('',#1151,.T.);
#1240=FACE_BOUND('',#1152,.T.);
#1241=FACE_BOUND('',#1153,.T.);
#1242=FACE_BOUND('',#1154,.T.);
#1243=FACE_BOUND('',#1155,.T.);
#1244=FACE_BOUND('',#1156,.T.);
#1245=FACE_BOUND('',#1157,.T.);
#1246=FACE_BOUND('',#1158,.T.);
#1247=FACE_BOUND('',#1159,.T.);
#1248=FACE_BOUND('',#1160,.T.);
#1249=FACE_BOUND('',#1161,.T.);
#1250=FACE_BOUND('',#1162,.T.);
#1251=FACE_BOUND('',#1163,.T.);
#1252=FACE_BOUND('',#1164,.T.);
#1253=FACE_BOUND('',#1165,.T.);
#1254=FACE_BOUND('',#1166,.T.);
#1255=FACE_BOUND('',#1167,.T.);
#1256=FACE_BOUND('',#1168,.T.);
#1257=FACE_BOUND('',#1169,.T.);
#1258=FACE_BOUND('',#1170,.T.);
#1259=FACE_BOUND('',#1171,.T.);
#1260=FACE_BOUND('',#1172,.T.);
#1261=FACE_BOUND('',#1173,.T.);
#1262=FACE_BOUND('',#1174,.T.);
#1263=FACE_BOUND('',#1175,.T.);
#1264=FACE_BOUND('',#1176,.T.);
#1265=FACE_BOUND('',#1177,.T.);
#1266=FACE_BOUND('',#1178,.T.);
#1267=FACE_BOUND('',#1179,.T.);
#1268=FACE_BOUND('',#1180,.T.);
#1269=FACE_BOUND('',#1181,.T.);
#1270=FACE_BOUND('',#1182,.T.);
#1271=FACE_BOUND('',#1183,.T.);
#1272=FACE_BOUND('',#1184,.T.);
#1273=FACE_BOUND('',#1185,.T.);
#1274=FACE_BOUND('',#1186,.T.);
#1275=FACE_BOUND('',#1187,.T.);
#1276=FACE_BOUND('',#1188,.T.);
#1277=FACE_BOUND('',#1189,.T.);
#1278=FACE_BOUND('',#1190,.T.);
#1279=FACE_BOUND('',#1191,.T.);
#1280=FACE_BOUND('',#1192,.T.);
#1281=FACE_BOUND('',#1193,.T.);
#1282=FACE_BOUND('',#1194,.T.);
#1283=FACE_BOUND('',#1195,.T.);
#1284=FACE_BOUND('',#1196,.T.);
#1285=FACE_BOUND('',#1197,.T.);
#1286=FACE_BOUND('',#1198,.T.);
#1287=FACE_BOUND('',#1199,.T.);
#1288=FACE_BOUND('',#1200,.T.);
#1289=FACE_BOUND('',#1201,.T.);
#1290=FACE_BOUND('',#1202,.T.);
#1291=PLANE('',#1415);
#1292=PLANE('',#1418);
#1293=PLANE('',#1422);
#1294=PLANE('',#1425);
#1295=PLANE('',#1428);
#1296=PLANE('',#1429);
#1297=PLANE('',#1430);
#1298=PLANE('',#1435);
#1299=PLANE('',#1440);
#1300=PLANE('',#1441);
#1301=PLANE('',#1442);
#1302=PLANE('',#1445);
#1303=PLANE('',#1448);
#1304=PLANE('',#1449);
#1305=PLANE('',#1450);
#1306=PLANE('',#1451);
#1307=PLANE('',#1452);
#1308=PLANE('',#1453);
#1309=PLANE('',#1454);
#1310=PLANE('',#1455);
#1311=PLANE('',#1456);
#1312=PLANE('',#1461);
#1313=PLANE('',#1475);
#1314=PLANE('',#1480);
#1315=PLANE('',#1485);
#1316=PLANE('',#1490);
#1317=PLANE('',#1491);
#1318=ADVANCED_FACE('',(#1203,#1204),#1291,.F.);
#1319=ADVANCED_FACE('',(#1205,#1206),#1292,.T.);
#1320=ADVANCED_FACE('',(#1207),#1293,.F.);
#1321=ADVANCED_FACE('',(#1208),#1294,.F.);
#1322=ADVANCED_FACE('',(#1209),#1295,.F.);
#1323=ADVANCED_FACE('',(#1210),#1296,.F.);
#1324=ADVANCED_FACE('',(#1211),#1297,.F.);
#1325=ADVANCED_FACE('',(#1212),#1298,.F.);
#1326=ADVANCED_FACE('',(#1213),#1299,.F.);
#1327=ADVANCED_FACE('',(#1214),#1300,.F.);
#1328=ADVANCED_FACE('',(#1215),#1301,.F.);
#1329=ADVANCED_FACE('',(#1216),#1302,.F.);
#1330=ADVANCED_FACE('',(#1217),#1303,.F.);
#1331=ADVANCED_FACE('',(#1218),#1304,.F.);
#1332=ADVANCED_FACE('',(#1219),#1305,.F.);
#1333=ADVANCED_FACE('',(#1220),#1306,.F.);
#1334=ADVANCED_FACE('',(#1221),#1307,.F.);
#1335=ADVANCED_FACE('',(#1222),#1308,.F.);
#1336=ADVANCED_FACE('',(#1223),#1309,.F.);
#1337=ADVANCED_FACE('',(#1224),#1310,.F.);
#1338=ADVANCED_FACE('',(#1225),#1311,.F.);
#1339=ADVANCED_FACE('',(#1226),#1312,.T.);
#1340=ADVANCED_FACE('',(#1227),#42,.T.);
#1341=ADVANCED_FACE('',(#1228),#43,.T.);
#1342=ADVANCED_FACE('',(#1229),#44,.F.);
#1343=ADVANCED_FACE('',(#1230,#1231),#1313,.T.);
#1344=ADVANCED_FACE('',(#1232),#45,.F.);
#1345=ADVANCED_FACE('',(#1233),#1314,.T.);
#1346=ADVANCED_FACE('',(#1234),#1315,.T.);
#1347=ADVANCED_FACE('',(#1235),#1316,.F.);
#1348=ADVANCED_FACE('',(#1236),#1317,.F.);
#1349=ADVANCED_FACE('',(#1237),#46,.T.);
#1350=ADVANCED_FACE('',(#1238),#47,.T.);
#1351=ADVANCED_FACE('',(#1239),#48,.T.);
#1352=ADVANCED_FACE('',(#1240),#49,.T.);
#1353=ADVANCED_FACE('',(#1241),#50,.T.);
#1354=ADVANCED_FACE('',(#1242),#51,.T.);
#1355=ADVANCED_FACE('',(#1243),#52,.T.);
#1356=ADVANCED_FACE('',(#1244),#53,.T.);
#1357=ADVANCED_FACE('',(#1245),#54,.F.);
#1358=ADVANCED_FACE('',(#1246,#1247),#55,.T.);
#1359=ADVANCED_FACE('',(#1248),#36,.T.);
#1360=ADVANCED_FACE('',(#1249),#56,.F.);
#1361=ADVANCED_FACE('',(#1250),#37,.T.);
#1362=ADVANCED_FACE('',(#1251),#57,.T.);
#1363=ADVANCED_FACE('',(#1252),#28,.T.);
#1364=ADVANCED_FACE('',(#1253),#58,.T.);
#1365=ADVANCED_FACE('',(#1254),#59,.T.);
#1366=ADVANCED_FACE('',(#1255),#60,.T.);
#1367=ADVANCED_FACE('',(#1256),#20,.T.);
#1368=ADVANCED_FACE('',(#1257),#29,.T.);
#1369=ADVANCED_FACE('',(#1258),#61,.T.);
#1370=ADVANCED_FACE('',(#1259),#62,.T.);
#1371=ADVANCED_FACE('',(#1260),#21,.T.);
#1372=ADVANCED_FACE('',(#1261),#22,.T.);
#1373=ADVANCED_FACE('',(#1262),#63,.T.);
#1374=ADVANCED_FACE('',(#1263),#64,.T.);
#1375=ADVANCED_FACE('',(#1264),#65,.T.);
#1376=ADVANCED_FACE('',(#1265),#30,.T.);
#1377=ADVANCED_FACE('',(#1266),#23,.T.);
#1378=ADVANCED_FACE('',(#1267),#66,.T.);
#1379=ADVANCED_FACE('',(#1268),#67,.T.);
#1380=ADVANCED_FACE('',(#1269),#31,.T.);
#1381=ADVANCED_FACE('',(#1270),#68,.T.);
#1382=ADVANCED_FACE('',(#1271),#69,.T.);
#1383=ADVANCED_FACE('',(#1272),#32,.T.);
#1384=ADVANCED_FACE('',(#1273),#70,.T.);
#1385=ADVANCED_FACE('',(#1274),#71,.T.);
#1386=ADVANCED_FACE('',(#1275),#72,.T.);
#1387=ADVANCED_FACE('',(#1276),#33,.T.);
#1388=ADVANCED_FACE('',(#1277),#24,.T.);
#1389=ADVANCED_FACE('',(#1278),#73,.T.);
#1390=ADVANCED_FACE('',(#1279),#74,.T.);
#1391=ADVANCED_FACE('',(#1280),#25,.T.);
#1392=ADVANCED_FACE('',(#1281),#26,.T.);
#1393=ADVANCED_FACE('',(#1282),#75,.T.);
#1394=ADVANCED_FACE('',(#1283),#76,.T.);
#1395=ADVANCED_FACE('',(#1284),#77,.T.);
#1396=ADVANCED_FACE('',(#1285),#27,.T.);
#1397=ADVANCED_FACE('',(#1286),#34,.T.);
#1398=ADVANCED_FACE('',(#1287),#78,.T.);
#1399=ADVANCED_FACE('',(#1288),#79,.T.);
#1400=ADVANCED_FACE('',(#1289),#35,.T.);
#1401=ADVANCED_FACE('',(#1290),#80,.T.);
#1402=CLOSED_SHELL('',(#1318,#1319,#1320,#1321,#1322,#1323,#1324,#1325,
#1326,#1327,#1328,#1329,#1330,#1331,#1332,#1333,#1334,#1335,#1336,#1337,
#1338,#1339,#1340,#1341,#1342,#1343,#1344,#1345,#1346,#1347,#1348,#1349,
#1350,#1351,#1352,#1353,#1354,#1355,#1356,#1357,#1358,#1359,#1360,#1361,
#1362,#1363,#1364,#1365,#1366,#1367,#1368,#1369,#1370,#1371,#1372,#1373,
#1374,#1375,#1376,#1377,#1378,#1379,#1380,#1381,#1382,#1383,#1384,#1385,
#1386,#1387,#1388,#1389,#1390,#1391,#1392,#1393,#1394,#1395,#1396,#1397,
#1398,#1399,#1400,#1401));
#1403=STYLED_ITEM('',(#1404),#1411);
#1404=PRESENTATION_STYLE_ASSIGNMENT((#1405));
#1405=SURFACE_STYLE_USAGE(.BOTH.,#1406);
#1406=SURFACE_SIDE_STYLE('',(#1407));
#1407=SURFACE_STYLE_FILL_AREA(#1408);
#1408=FILL_AREA_STYLE('',(#1409));
#1409=FILL_AREA_STYLE_COLOUR('',#1410);
#1410=COLOUR_RGB('',0.699999988079071,0.699999988079071,0.699999988079071);
#1411=MANIFOLD_SOLID_BREP('',#1402);
#1412=SHAPE_DEFINITION_REPRESENTATION(#3626,#1413);
#1413=SHAPE_REPRESENTATION('7767',(#1414),#3621);
#1414=AXIS2_PLACEMENT_3D('',#2029,#1583,#1584);
#1415=AXIS2_PLACEMENT_3D('',#2030,#1585,#1586);
#1416=AXIS2_PLACEMENT_3D('',#2046,#1591,#1592);
#1417=AXIS2_PLACEMENT_3D('',#2054,#1593,#1594);
#1418=AXIS2_PLACEMENT_3D('',#2055,#1595,#1596);
#1419=AXIS2_PLACEMENT_3D('',#2056,#1597,#1598);
#1420=AXIS2_PLACEMENT_3D('',#2058,#1599,#1600);
#1421=AXIS2_PLACEMENT_3D('',#2067,#1601,#1602);
#1422=AXIS2_PLACEMENT_3D('',#2074,#1603,#1604);
#1423=AXIS2_PLACEMENT_3D('',#2082,#1608,#1609);
#1424=AXIS2_PLACEMENT_3D('',#2086,#1611,#1612);
#1425=AXIS2_PLACEMENT_3D('',#2087,#1613,#1614);
#1426=AXIS2_PLACEMENT_3D('',#2095,#1618,#1619);
#1427=AXIS2_PLACEMENT_3D('',#2099,#1621,#1622);
#1428=AXIS2_PLACEMENT_3D('',#2100,#1623,#1624);
#1429=AXIS2_PLACEMENT_3D('',#2106,#1628,#1629);
#1430=AXIS2_PLACEMENT_3D('',#2112,#1633,#1634);
#1431=AXIS2_PLACEMENT_3D('',#2113,#1635,#1636);
#1432=AXIS2_PLACEMENT_3D('',#2122,#1640,#1641);
#1433=AXIS2_PLACEMENT_3D('',#2126,#1643,#1644);
#1434=AXIS2_PLACEMENT_3D('',#2134,#1648,#1649);
#1435=AXIS2_PLACEMENT_3D('',#2137,#1651,#1652);
#1436=AXIS2_PLACEMENT_3D('',#2145,#1656,#1657);
#1437=AXIS2_PLACEMENT_3D('',#2149,#1659,#1660);
#1438=AXIS2_PLACEMENT_3D('',#2157,#1664,#1665);
#1439=AXIS2_PLACEMENT_3D('',#2161,#1667,#1668);
#1440=AXIS2_PLACEMENT_3D('',#2162,#1669,#1670);
#1441=AXIS2_PLACEMENT_3D('',#2171,#1675,#1676);
#1442=AXIS2_PLACEMENT_3D('',#2180,#1681,#1682);
#1443=AXIS2_PLACEMENT_3D('',#2188,#1686,#1687);
#1444=AXIS2_PLACEMENT_3D('',#2189,#1688,#1689);
#1445=AXIS2_PLACEMENT_3D('',#2190,#1690,#1691);
#1446=AXIS2_PLACEMENT_3D('',#2198,#1695,#1696);
#1447=AXIS2_PLACEMENT_3D('',#2199,#1697,#1698);
#1448=AXIS2_PLACEMENT_3D('',#2200,#1699,#1700);
#1449=AXIS2_PLACEMENT_3D('',#2209,#1705,#1706);
#1450=AXIS2_PLACEMENT_3D('',#2218,#1711,#1712);
#1451=AXIS2_PLACEMENT_3D('',#2227,#1717,#1718);
#1452=AXIS2_PLACEMENT_3D('',#2236,#1723,#1724);
#1453=AXIS2_PLACEMENT_3D('',#2245,#1729,#1730);
#1454=AXIS2_PLACEMENT_3D('',#2254,#1735,#1736);
#1455=AXIS2_PLACEMENT_3D('',#2263,#1741,#1742);
#1456=AXIS2_PLACEMENT_3D('',#2272,#1747,#1748);
#1457=AXIS2_PLACEMENT_3D('',#2282,#1754,#1755);
#1458=AXIS2_PLACEMENT_3D('',#2283,#1756,#1757);
#1459=AXIS2_PLACEMENT_3D('',#2285,#1759,#1760);
#1460=AXIS2_PLACEMENT_3D('',#2286,#1761,#1762);
#1461=AXIS2_PLACEMENT_3D('',#2287,#1763,#1764);
#1462=AXIS2_PLACEMENT_3D('',#2294,#1768,#1769);
#1463=AXIS2_PLACEMENT_3D('',#2295,#1770,#1771);
#1464=AXIS2_PLACEMENT_3D('',#2297,#1773,#1774);
#1465=AXIS2_PLACEMENT_3D('',#2298,#1775,#1776);
#1466=AXIS2_PLACEMENT_3D('',#2302,#1779,#1780);
#1467=AXIS2_PLACEMENT_3D('',#2303,#1781,#1782);
#1468=AXIS2_PLACEMENT_3D('',#2304,#1783,#1784);
#1469=AXIS2_PLACEMENT_3D('',#2305,#1785,#1786);
#1470=AXIS2_PLACEMENT_3D('',#2306,#1787,#1788);
#1471=AXIS2_PLACEMENT_3D('',#2307,#1789,#1790);
#1472=AXIS2_PLACEMENT_3D('',#2308,#1791,#1792);
#1473=AXIS2_PLACEMENT_3D('',#2312,#1794,#1795);
#1474=AXIS2_PLACEMENT_3D('',#2316,#1797,#1798);
#1475=AXIS2_PLACEMENT_3D('',#2317,#1799,#1800);
#1476=AXIS2_PLACEMENT_3D('',#2318,#1801,#1802);
#1477=AXIS2_PLACEMENT_3D('',#2325,#1806,#1807);
#1478=AXIS2_PLACEMENT_3D('',#2329,#1809,#1810);
#1479=AXIS2_PLACEMENT_3D('',#2330,#1811,#1812);
#1480=AXIS2_PLACEMENT_3D('',#2331,#1813,#1814);
#1481=AXIS2_PLACEMENT_3D('',#2334,#1816,#1817);
#1482=AXIS2_PLACEMENT_3D('',#2335,#1818,#1819);
#1483=AXIS2_PLACEMENT_3D('',#2337,#1821,#1822);
#1484=AXIS2_PLACEMENT_3D('',#2338,#1823,#1824);
#1485=AXIS2_PLACEMENT_3D('',#2343,#1828,#1829);
#1486=AXIS2_PLACEMENT_3D('',#2350,#1834,#1835);
#1487=AXIS2_PLACEMENT_3D('',#2351,#1836,#1837);
#1488=AXIS2_PLACEMENT_3D('',#2353,#1839,#1840);
#1489=AXIS2_PLACEMENT_3D('',#2354,#1841,#1842);
#1490=AXIS2_PLACEMENT_3D('',#2355,#1843,#1844);
#1491=AXIS2_PLACEMENT_3D('',#2356,#1845,#1846);
#1492=AXIS2_PLACEMENT_3D('',#2357,#1847,#1848);
#1493=AXIS2_PLACEMENT_3D('',#2358,#1849,#1850);
#1494=AXIS2_PLACEMENT_3D('',#2359,#1851,#1852);
#1495=AXIS2_PLACEMENT_3D('',#2360,#1853,#1854);
#1496=AXIS2_PLACEMENT_3D('',#2361,#1855,#1856);
#1497=AXIS2_PLACEMENT_3D('',#2362,#1857,#1858);
#1498=AXIS2_PLACEMENT_3D('',#2363,#1859,#1860);
#1499=AXIS2_PLACEMENT_3D('',#2364,#1861,#1862);
#1500=AXIS2_PLACEMENT_3D('',#2365,#1863,#1864);
#1501=AXIS2_PLACEMENT_3D('',#2760,#1865,#1866);
#1502=AXIS2_PLACEMENT_3D('',#3152,#1867,#1868);
#1503=AXIS2_PLACEMENT_3D('',#3540,#1869,#1870);
#1504=AXIS2_PLACEMENT_3D('',#3541,#1871,#1872);
#1505=AXIS2_PLACEMENT_3D('',#3542,#1873,#1874);
#1506=AXIS2_PLACEMENT_3D('',#3543,#1875,#1876);
#1507=AXIS2_PLACEMENT_3D('',#3544,#1877,#1878);
#1508=AXIS2_PLACEMENT_3D('',#3545,#1879,#1880);
#1509=AXIS2_PLACEMENT_3D('',#3546,#1881,#1882);
#1510=AXIS2_PLACEMENT_3D('',#3547,#1883,#1884);
#1511=AXIS2_PLACEMENT_3D('',#3548,#1885,#1886);
#1512=AXIS2_PLACEMENT_3D('',#3549,#1887,#1888);
#1513=AXIS2_PLACEMENT_3D('',#3550,#1889,#1890);
#1514=AXIS2_PLACEMENT_3D('',#3551,#1891,#1892);
#1515=AXIS2_PLACEMENT_3D('',#3552,#1893,#1894);
#1516=AXIS2_PLACEMENT_3D('',#3553,#1895,#1896);
#1517=AXIS2_PLACEMENT_3D('',#3554,#1897,#1898);
#1518=AXIS2_PLACEMENT_3D('',#3555,#1899,#1900);
#1519=AXIS2_PLACEMENT_3D('',#3556,#1901,#1902);
#1520=AXIS2_PLACEMENT_3D('',#3557,#1903,#1904);
#1521=AXIS2_PLACEMENT_3D('',#3558,#1905,#1906);
#1522=AXIS2_PLACEMENT_3D('',#3559,#1907,#1908);
#1523=AXIS2_PLACEMENT_3D('',#3560,#1909,#1910);
#1524=AXIS2_PLACEMENT_3D('',#3561,#1911,#1912);
#1525=AXIS2_PLACEMENT_3D('',#3562,#1913,#1914);
#1526=AXIS2_PLACEMENT_3D('',#3563,#1915,#1916);
#1527=AXIS2_PLACEMENT_3D('',#3564,#1917,#1918);
#1528=AXIS2_PLACEMENT_3D('',#3565,#1919,#1920);
#1529=AXIS2_PLACEMENT_3D('',#3566,#1921,#1922);
#1530=AXIS2_PLACEMENT_3D('',#3567,#1923,#1924);
#1531=AXIS2_PLACEMENT_3D('',#3568,#1925,#1926);
#1532=AXIS2_PLACEMENT_3D('',#3569,#1927,#1928);
#1533=AXIS2_PLACEMENT_3D('',#3570,#1929,#1930);
#1534=AXIS2_PLACEMENT_3D('',#3571,#1931,#1932);
#1535=AXIS2_PLACEMENT_3D('',#3572,#1933,#1934);
#1536=AXIS2_PLACEMENT_3D('',#3573,#1935,#1936);
#1537=AXIS2_PLACEMENT_3D('',#3574,#1937,#1938);
#1538=AXIS2_PLACEMENT_3D('',#3575,#1939,#1940);
#1539=AXIS2_PLACEMENT_3D('',#3576,#1941,#1942);
#1540=AXIS2_PLACEMENT_3D('',#3577,#1943,#1944);
#1541=AXIS2_PLACEMENT_3D('',#3578,#1945,#1946);
#1542=AXIS2_PLACEMENT_3D('',#3579,#1947,#1948);
#1543=AXIS2_PLACEMENT_3D('',#3580,#1949,#1950);
#1544=AXIS2_PLACEMENT_3D('',#3581,#1951,#1952);
#1545=AXIS2_PLACEMENT_3D('',#3582,#1953,#1954);
#1546=AXIS2_PLACEMENT_3D('',#3583,#1955,#1956);
#1547=AXIS2_PLACEMENT_3D('',#3584,#1957,#1958);
#1548=AXIS2_PLACEMENT_3D('',#3585,#1959,#1960);
#1549=AXIS2_PLACEMENT_3D('',#3586,#1961,#1962);
#1550=AXIS2_PLACEMENT_3D('',#3587,#1963,#1964);
#1551=AXIS2_PLACEMENT_3D('',#3588,#1965,#1966);
#1552=AXIS2_PLACEMENT_3D('',#3589,#1967,#1968);
#1553=AXIS2_PLACEMENT_3D('',#3590,#1969,#1970);
#1554=AXIS2_PLACEMENT_3D('',#3591,#1971,#1972);
#1555=AXIS2_PLACEMENT_3D('',#3592,#1973,#1974);
#1556=AXIS2_PLACEMENT_3D('',#3593,#1975,#1976);
#1557=AXIS2_PLACEMENT_3D('',#3594,#1977,#1978);
#1558=AXIS2_PLACEMENT_3D('',#3595,#1979,#1980);
#1559=AXIS2_PLACEMENT_3D('',#3596,#1981,#1982);
#1560=AXIS2_PLACEMENT_3D('',#3597,#1983,#1984);
#1561=AXIS2_PLACEMENT_3D('',#3598,#1985,#1986);
#1562=AXIS2_PLACEMENT_3D('',#3599,#1987,#1988);
#1563=AXIS2_PLACEMENT_3D('',#3600,#1989,#1990);
#1564=AXIS2_PLACEMENT_3D('',#3601,#1991,#1992);
#1565=AXIS2_PLACEMENT_3D('',#3602,#1993,#1994);
#1566=AXIS2_PLACEMENT_3D('',#3603,#1995,#1996);
#1567=AXIS2_PLACEMENT_3D('',#3604,#1997,#1998);
#1568=AXIS2_PLACEMENT_3D('',#3605,#1999,#2000);
#1569=AXIS2_PLACEMENT_3D('',#3606,#2001,#2002);
#1570=AXIS2_PLACEMENT_3D('',#3607,#2003,#2004);
#1571=AXIS2_PLACEMENT_3D('',#3608,#2005,#2006);
#1572=AXIS2_PLACEMENT_3D('',#3609,#2007,#2008);
#1573=AXIS2_PLACEMENT_3D('',#3610,#2009,#2010);
#1574=AXIS2_PLACEMENT_3D('',#3611,#2011,#2012);
#1575=AXIS2_PLACEMENT_3D('',#3612,#2013,#2014);
#1576=AXIS2_PLACEMENT_3D('',#3613,#2015,#2016);
#1577=AXIS2_PLACEMENT_3D('',#3614,#2017,#2018);
#1578=AXIS2_PLACEMENT_3D('',#3615,#2019,#2020);
#1579=AXIS2_PLACEMENT_3D('',#3616,#2021,#2022);
#1580=AXIS2_PLACEMENT_3D('',#3617,#2023,#2024);
#1581=AXIS2_PLACEMENT_3D('',#3618,#2025,#2026);
#1582=AXIS2_PLACEMENT_3D('',#3619,#2027,#2028);
#1583=DIRECTION('',(0.,0.,1.));
#1584=DIRECTION('',(1.,0.,0.));
#1585=DIRECTION('',(0.,0.,-1.));
#1586=DIRECTION('',(0.,1.,0.));
#1587=DIRECTION('',(0.,-1.,0.));
#1588=DIRECTION('',(-1.,0.,0.));
#1589=DIRECTION('',(0.,-1.,0.));
#1590=DIRECTION('',(-1.,0.,0.));
#1591=DIRECTION('',(0.,0.,-1.));
#1592=DIRECTION('',(-1.,0.,0.));
#1593=DIRECTION('',(0.,0.,-1.));
#1594=DIRECTION('',(0.,1.,0.));
#1595=DIRECTION('',(0.,0.,-1.));
#1596=DIRECTION('',(0.,1.,0.));
#1597=DIRECTION('',(0.,0.,-1.));
#1598=DIRECTION('',(0.,1.,0.));
#1599=DIRECTION('',(0.,0.,-1.));
#1600=DIRECTION('',(-1.,0.,0.));
#1601=DIRECTION('',(0.,0.,-1.));
#1602=DIRECTION('',(0.,1.,0.));
#1603=DIRECTION('',(0.,-1.,8.67361737988404E-17));
#1604=DIRECTION('',(0.,-8.67361737988404E-17,-1.));
#1605=DIRECTION('',(6.12303176911189E-17,8.67361737988404E-17,1.));
#1606=DIRECTION('',(-1.,0.,0.));
#1607=DIRECTION('',(0.,-8.67361737988404E-17,-1.));
#1608=DIRECTION('',(0.,-1.,8.67361737988404E-17));
#1609=DIRECTION('',(0.,-8.67361737988404E-17,-1.));
#1610=DIRECTION('',(-1.,0.,0.));
#1611=DIRECTION('',(0.,-1.,8.67361737988404E-17));
#1612=DIRECTION('',(0.,-8.67361737988404E-17,-1.));
#1613=DIRECTION('',(0.,-1.,8.67361737988404E-17));
#1614=DIRECTION('',(0.,-8.67361737988404E-17,-1.));
#1615=DIRECTION('',(-1.73472347597681E-16,8.67361737988404E-17,1.));
#1616=DIRECTION('',(-1.,0.,0.));
#1617=DIRECTION('',(6.12303176911189E-17,8.67361737988404E-17,1.));
#1618=DIRECTION('',(0.,-1.,8.67361737988404E-17));
#1619=DIRECTION('',(0.,-8.67361737988404E-17,-1.));
#1620=DIRECTION('',(-1.,0.,0.));
#1621=DIRECTION('',(0.,-1.,8.67361737988404E-17));
#1622=DIRECTION('',(0.,-8.67361737988404E-17,-1.));
#1623=DIRECTION('',(0.,0.,1.));
#1624=DIRECTION('',(0.,-1.,0.));
#1625=DIRECTION('',(-1.,0.,0.));
#1626=DIRECTION('',(0.,1.,0.));
#1627=DIRECTION('',(0.,-1.,0.));
#1628=DIRECTION('',(0.,0.,1.));
#1629=DIRECTION('',(0.,-1.,0.));
#1630=DIRECTION('',(0.,1.,0.));
#1631=DIRECTION('',(-1.,0.,0.));
#1632=DIRECTION('',(0.,1.,0.));
#1633=DIRECTION('',(0.,-1.,0.));
#1634=DIRECTION('',(1.,0.,0.));
#1635=DIRECTION('',(0.,-1.,0.));
#1636=DIRECTION('',(0.,0.,-1.));
#1637=DIRECTION('',(6.12303176911189E-17,0.,1.));
#1638=DIRECTION('',(-1.,0.,0.));
#1639=DIRECTION('',(0.,0.,-1.));
#1640=DIRECTION('',(0.,-1.,0.));
#1641=DIRECTION('',(0.,0.,-1.));
#1642=DIRECTION('',(1.,0.,-8.61303563871805E-17));
#1643=DIRECTION('',(0.,-1.,0.));
#1644=DIRECTION('',(0.,0.,-1.));
#1645=DIRECTION('',(-1.73472347597681E-16,0.,1.));
#1646=DIRECTION('',(-1.,0.,0.));
#1647=DIRECTION('',(6.12303176911189E-17,0.,1.));
#1648=DIRECTION('',(0.,-1.,0.));
#1649=DIRECTION('',(0.,0.,-1.));
#1650=DIRECTION('',(-1.,0.,0.));
#1651=DIRECTION('',(0.,1.,0.));
#1652=DIRECTION('',(-1.,0.,0.));
#1653=DIRECTION('',(0.,0.,1.));
#1654=DIRECTION('',(-1.,0.,0.));
#1655=DIRECTION('',(-6.12303176911189E-17,0.,-1.));
#1656=DIRECTION('',(0.,1.,0.));
#1657=DIRECTION('',(0.,0.,1.));
#1658=DIRECTION('',(-1.,0.,0.));
#1659=DIRECTION('',(0.,1.,0.));
#1660=DIRECTION('',(0.,0.,1.));
#1661=DIRECTION('',(-6.12303176911189E-17,0.,-1.));
#1662=DIRECTION('',(-1.,0.,0.));
#1663=DIRECTION('',(1.73472347597681E-16,0.,-1.));
#1664=DIRECTION('',(0.,1.,0.));
#1665=DIRECTION('',(0.,0.,1.));
#1666=DIRECTION('',(-1.,0.,8.61303563871805E-17));
#1667=DIRECTION('',(0.,1.,0.));
#1668=DIRECTION('',(0.,0.,1.));
#1669=DIRECTION('',(0.,0.,1.));
#1670=DIRECTION('',(0.,-1.,0.));
#1671=DIRECTION('',(-1.,0.,0.));
#1672=DIRECTION('',(0.,1.,0.));
#1673=DIRECTION('',(-1.,0.,0.));
#1674=DIRECTION('',(0.,-1.,0.));
#1675=DIRECTION('',(0.,0.,1.));
#1676=DIRECTION('',(0.,-1.,0.));
#1677=DIRECTION('',(-1.,0.,0.));
#1678=DIRECTION('',(0.,1.,0.));
#1679=DIRECTION('',(-1.,0.,0.));
#1680=DIRECTION('',(0.,1.,0.));
#1681=DIRECTION('',(0.,1.,8.67361737988404E-17));
#1682=DIRECTION('',(0.,-8.67361737988404E-17,1.));
#1683=DIRECTION('',(0.,-8.67361737988404E-17,1.));
#1684=DIRECTION('',(-1.,0.,0.));
#1685=DIRECTION('',(-6.12303176911189E-17,8.67361737988404E-17,-1.));
#1686=DIRECTION('',(0.,1.,8.67361737988404E-17));
#1687=DIRECTION('',(0.,-8.67361737988404E-17,1.));
#1688=DIRECTION('',(0.,1.,8.67361737988404E-17));
#1689=DIRECTION('',(0.,-8.67361737988404E-17,1.));
#1690=DIRECTION('',(0.,1.,8.67361737988404E-17));
#1691=DIRECTION('',(0.,-8.67361737988404E-17,1.));
#1692=DIRECTION('',(-6.12303176911189E-17,8.67361737988404E-17,-1.));
#1693=DIRECTION('',(-1.,0.,0.));
#1694=DIRECTION('',(1.73472347597681E-16,8.67361737988404E-17,-1.));
#1695=DIRECTION('',(0.,1.,8.67361737988404E-17));
#1696=DIRECTION('',(0.,-8.67361737988404E-17,1.));
#1697=DIRECTION('',(0.,1.,8.67361737988404E-17));
#1698=DIRECTION('',(0.,-8.67361737988404E-17,1.));
#1699=DIRECTION('',(0.,0.,1.));
#1700=DIRECTION('',(0.,-1.,0.));
#1701=DIRECTION('',(0.,1.,0.));
#1702=DIRECTION('',(-1.,0.,0.));
#1703=DIRECTION('',(0.,1.,0.));
#1704=DIRECTION('',(-1.,0.,0.));
#1705=DIRECTION('',(0.,0.,1.));
#1706=DIRECTION('',(0.,-1.,0.));
#1707=DIRECTION('',(0.,1.,0.));
#1708=DIRECTION('',(-1.,0.,0.));
#1709=DIRECTION('',(0.,1.,0.));
#1710=DIRECTION('',(-1.,0.,0.));
#1711=DIRECTION('',(0.,-1.,-1.73472347597681E-16));
#1712=DIRECTION('',(0.,1.73472347597681E-16,-1.));
#1713=DIRECTION('',(6.12303176911189E-17,-1.73472347597681E-16,1.));
#1714=DIRECTION('',(-1.,0.,0.));
#1715=DIRECTION('',(0.,1.73472347597681E-16,-1.));
#1716=DIRECTION('',(-1.,8.3001123252479E-17,1.15555796663234E-33));
#1717=DIRECTION('',(0.,-1.,-1.73472347597681E-16));
#1718=DIRECTION('',(0.,1.73472347597681E-16,-1.));
#1719=DIRECTION('',(-1.73472347597681E-16,-1.73472347597681E-16,1.));
#1720=DIRECTION('',(-1.,0.,0.));
#1721=DIRECTION('',(6.12303176911189E-17,-1.73472347597681E-16,1.));
#1722=DIRECTION('',(-1.,8.3001123252479E-17,1.15555796663234E-33));
#1723=DIRECTION('',(0.,1.,-1.73472347597681E-16));
#1724=DIRECTION('',(0.,1.73472347597681E-16,1.));
#1725=DIRECTION('',(0.,1.73472347597681E-16,1.));
#1726=DIRECTION('',(-1.,0.,0.));
#1727=DIRECTION('',(-6.12303176911189E-17,-1.73472347597681E-16,-1.));
#1728=DIRECTION('',(-1.,8.3001123252479E-17,1.15555796663234E-33));
#1729=DIRECTION('',(0.,1.,-1.73472347597681E-16));
#1730=DIRECTION('',(0.,1.73472347597681E-16,1.));
#1731=DIRECTION('',(-6.12303176911189E-17,-1.73472347597681E-16,-1.));
#1732=DIRECTION('',(-1.,0.,0.));
#1733=DIRECTION('',(1.73472347597681E-16,-1.73472347597681E-16,-1.));
#1734=DIRECTION('',(-1.,8.3001123252479E-17,1.15555796663234E-33));
#1735=DIRECTION('',(0.,0.,1.));
#1736=DIRECTION('',(0.,-1.,0.));
#1737=DIRECTION('',(0.,1.,0.));
#1738=DIRECTION('',(-1.,0.,0.));
#1739=DIRECTION('',(0.,-1.,0.));
#1740=DIRECTION('',(-1.,0.,0.));
#1741=DIRECTION('',(0.,0.,1.));
#1742=DIRECTION('',(0.,-1.,0.));
#1743=DIRECTION('',(0.,1.,0.));
#1744=DIRECTION('',(-1.,0.,0.));
#1745=DIRECTION('',(0.,1.,0.));
#1746=DIRECTION('',(-1.,0.,0.));
#1747=DIRECTION('',(-1.,0.,6.12303176911189E-17));
#1748=DIRECTION('',(-6.12303176911189E-17,0.,-1.));
#1749=DIRECTION('',(0.,1.,0.));
#1750=DIRECTION('',(6.12303176911189E-17,0.,1.));
#1751=DIRECTION('',(0.,-1.,0.));
#1752=DIRECTION('',(-6.12303176911189E-17,0.,-1.));
#1753=DIRECTION('',(0.,1.,0.));
#1754=DIRECTION('',(-1.,0.,6.12303176911189E-17));
#1755=DIRECTION('',(-6.12303176911189E-17,0.,-1.));
#1756=DIRECTION('',(-1.,0.,6.12303176911189E-17));
#1757=DIRECTION('',(-6.12303176911189E-17,0.,-1.));
#1758=DIRECTION('',(1.70802896191819E-33,1.,2.7895151067719E-17));
#1759=DIRECTION('',(-1.,0.,6.12303176911189E-17));
#1760=DIRECTION('',(-6.12303176911189E-17,0.,-1.));
#1761=DIRECTION('',(-1.,0.,6.12303176911189E-17));
#1762=DIRECTION('',(-6.12303176911189E-17,0.,-1.));
#1763=DIRECTION('',(-1.,0.,6.12303176911189E-17));
#1764=DIRECTION('',(-6.12303176911189E-17,0.,-1.));
#1765=DIRECTION('',(0.,-1.,0.));
#1766=DIRECTION('',(6.12303176911189E-17,0.,1.));
#1767=DIRECTION('',(0.,1.,0.));
#1768=DIRECTION('',(-1.,0.,6.12303176911189E-17));
#1769=DIRECTION('',(-6.12303176911189E-17,0.,-1.));
#1770=DIRECTION('',(-1.,0.,6.12303176911189E-17));
#1771=DIRECTION('',(-6.12303176911189E-17,0.,-1.));
#1772=DIRECTION('',(1.70802896191819E-33,1.,2.7895151067719E-17));
#1773=DIRECTION('',(-1.,0.,6.12303176911189E-17));
#1774=DIRECTION('',(-6.12303176911189E-17,0.,-1.));
#1775=DIRECTION('',(-1.,0.,6.12303176911189E-17));
#1776=DIRECTION('',(-6.12303176911189E-17,0.,-1.));
#1777=DIRECTION('',(0.,1.,0.));
#1778=DIRECTION('',(-6.12303176911189E-17,0.,-1.));
#1779=DIRECTION('',(0.,1.,0.));
#1780=DIRECTION('',(-1.,0.,0.));
#1781=DIRECTION('',(0.,-1.,0.));
#1782=DIRECTION('',(0.,0.,-1.));
#1783=DIRECTION('',(0.,1.,0.));
#1784=DIRECTION('',(0.,0.,1.));
#1785=DIRECTION('',(0.,-1.,0.));
#1786=DIRECTION('',(1.,0.,0.));
#1787=DIRECTION('',(0.,-1.,0.));
#1788=DIRECTION('',(0.,0.,-1.));
#1789=DIRECTION('',(0.,1.,0.));
#1790=DIRECTION('',(0.,0.,1.));
#1791=DIRECTION('',(0.,1.,0.));
#1792=DIRECTION('',(-1.,0.,0.));
#1793=DIRECTION('',(0.,1.,0.));
#1794=DIRECTION('',(0.,-1.,0.));
#1795=DIRECTION('',(0.,0.,-1.));
#1796=DIRECTION('',(0.,1.,0.));
#1797=DIRECTION('',(0.,1.,0.));
#1798=DIRECTION('',(0.,0.,1.));
#1799=DIRECTION('',(-8.61303563871805E-17,0.,-1.));
#1800=DIRECTION('',(1.,0.,-8.61303563871805E-17));
#1801=DIRECTION('',(-8.61303563871805E-17,0.,-1.));
#1802=DIRECTION('',(1.,0.,-8.61303563871805E-17));
#1803=DIRECTION('',(0.,1.,0.));
#1804=DIRECTION('',(1.,0.,-8.61303563871805E-17));
#1805=DIRECTION('',(-1.,0.,8.61303563871805E-17));
#1806=DIRECTION('',(0.,1.,0.));
#1807=DIRECTION('',(-1.,0.,0.));
#1808=DIRECTION('',(0.,1.,0.));
#1809=DIRECTION('',(0.,-1.,0.));
#1810=DIRECTION('',(0.,0.,-1.));
#1811=DIRECTION('',(0.,1.,0.));
#1812=DIRECTION('',(0.,0.,1.));
#1813=DIRECTION('',(-1.,0.,0.));
#1814=DIRECTION('',(0.,-1.,0.));
#1815=DIRECTION('',(0.,-1.,0.));
#1816=DIRECTION('',(-1.,0.,0.));
#1817=DIRECTION('',(0.,-1.,0.));
#1818=DIRECTION('',(-1.,0.,0.));
#1819=DIRECTION('',(0.,-1.,0.));
#1820=DIRECTION('',(0.,1.,2.7895151067719E-17));
#1821=DIRECTION('',(-1.,0.,0.));
#1822=DIRECTION('',(0.,-1.,0.));
#1823=DIRECTION('',(-1.,0.,0.));
#1824=DIRECTION('',(0.,-1.,0.));
#1825=DIRECTION('',(0.,-1.,0.));
#1826=DIRECTION('',(0.,0.,1.));
#1827=DIRECTION('',(0.,0.,-1.));
#1828=DIRECTION('',(1.,0.,1.73472347597681E-16));
#1829=DIRECTION('',(-1.73472347597681E-16,0.,1.));
#1830=DIRECTION('',(0.,1.,0.));
#1831=DIRECTION('',(-1.73472347597681E-16,0.,1.));
#1832=DIRECTION('',(1.73472347597681E-16,0.,-1.));
#1833=DIRECTION('',(0.,1.,0.));
#1834=DIRECTION('',(1.,0.,1.73472347597681E-16));
#1835=DIRECTION('',(-1.73472347597681E-16,0.,1.));
#1836=DIRECTION('',(1.,0.,1.73472347597681E-16));
#1837=DIRECTION('',(-1.73472347597681E-16,0.,1.));
#1838=DIRECTION('',(4.83903734230916E-33,-1.,-2.7895151067719E-17));
#1839=DIRECTION('',(1.,0.,1.73472347597681E-16));
#1840=DIRECTION('',(-1.73472347597681E-16,0.,1.));
#1841=DIRECTION('',(1.,0.,1.73472347597681E-16));
#1842=DIRECTION('',(-1.73472347597681E-16,0.,1.));
#1843=DIRECTION('',(-1.15977090528592E-33,-2.7895151067719E-17,1.));
#1844=DIRECTION('',(0.,-1.,-2.7895151067719E-17));
#1845=DIRECTION('',(-1.15977090528592E-33,-2.7895151067719E-17,1.));
#1846=DIRECTION('',(0.,-1.,-2.7895151067719E-17));
#1847=DIRECTION('',(-1.,0.,0.));
#1848=DIRECTION('',(0.,-1.,0.));
#1849=DIRECTION('',(-1.,0.,0.));
#1850=DIRECTION('',(0.,-1.,0.));
#1851=DIRECTION('',(-1.,0.,0.));
#1852=DIRECTION('',(0.,-1.,0.));
#1853=DIRECTION('',(-1.,0.,0.));
#1854=DIRECTION('',(0.,-1.,0.));
#1855=DIRECTION('',(-1.,0.,0.));
#1856=DIRECTION('',(0.,-1.,0.));
#1857=DIRECTION('',(-1.,0.,0.));
#1858=DIRECTION('',(0.,-1.,0.));
#1859=DIRECTION('',(-1.,0.,0.));
#1860=DIRECTION('',(0.,-1.,0.));
#1861=DIRECTION('',(-1.,0.,0.));
#1862=DIRECTION('',(0.,-1.,0.));
#1863=DIRECTION('',(0.,0.,-1.));
#1864=DIRECTION('',(0.,1.,0.));
#1865=DIRECTION('',(0.,0.,-1.));
#1866=DIRECTION('',(0.,1.,0.));
#1867=DIRECTION('',(0.,0.,1.));
#1868=DIRECTION('',(1.,0.,0.));
#1869=DIRECTION('',(0.,-1.,0.));
#1870=DIRECTION('',(0.,0.,-1.));
#1871=DIRECTION('',(-8.67361737988401E-15,-1.,0.));
#1872=DIRECTION('',(1.,-8.67361737988401E-15,0.));
#1873=DIRECTION('',(1.,-8.67361737988401E-15,0.));
#1874=DIRECTION('',(8.67361737988401E-15,1.,0.));
#1875=DIRECTION('',(1.,0.,0.));
#1876=DIRECTION('',(0.,0.,-1.));
#1877=DIRECTION('',(0.,0.,-1.));
#1878=DIRECTION('',(-1.,0.,0.));
#1879=DIRECTION('',(-1.73472347597681E-16,0.,1.));
#1880=DIRECTION('',(1.,0.,1.73472347597681E-16));
#1881=DIRECTION('',(0.,0.,1.));
#1882=DIRECTION('',(1.,0.,0.));
#1883=DIRECTION('',(-1.,0.,0.));
#1884=DIRECTION('',(0.,0.,1.));
#1885=DIRECTION('',(-1.,4.33680868994201E-15,0.));
#1886=DIRECTION('',(-4.33680868994201E-15,-1.,0.));
#1887=DIRECTION('',(0.,-1.,0.));
#1888=DIRECTION('',(0.,0.,-1.));
#1889=DIRECTION('',(0.,-1.,0.));
#1890=DIRECTION('',(0.,0.,-1.));
#1891=DIRECTION('',(0.,1.,0.));
#1892=DIRECTION('',(0.,0.,1.));
#1893=DIRECTION('',(1.,0.,0.));
#1894=DIRECTION('',(0.,0.,-1.));
#1895=DIRECTION('',(-8.67361737988401E-15,0.,-1.));
#1896=DIRECTION('',(-1.,0.,8.67361737988401E-15));
#1897=DIRECTION('',(0.,0.,-1.));
#1898=DIRECTION('',(-1.,0.,0.));
#1899=DIRECTION('',(1.,0.,-8.61303563871805E-17));
#1900=DIRECTION('',(-8.61303563871805E-17,0.,-1.));
#1901=DIRECTION('',(1.,0.,0.));
#1902=DIRECTION('',(0.,0.,-1.));
#1903=DIRECTION('',(6.12303176911189E-17,0.,1.));
#1904=DIRECTION('',(1.,0.,-6.12303176911189E-17));
#1905=DIRECTION('',(0.,0.,1.));
#1906=DIRECTION('',(1.,0.,0.));
#1907=DIRECTION('',(0.,1.,0.));
#1908=DIRECTION('',(0.,0.,1.));
#1909=DIRECTION('',(0.,0.,-1.));
#1910=DIRECTION('',(-1.,0.,0.));
#1911=DIRECTION('',(0.,1.,0.));
#1912=DIRECTION('',(0.,0.,1.));
#1913=DIRECTION('',(1.,0.,0.));
#1914=DIRECTION('',(0.,0.,-1.));
#1915=DIRECTION('',(0.,1.,0.));
#1916=DIRECTION('',(0.,0.,1.));
#1917=DIRECTION('',(0.,-1.,-8.67361737988401E-15));
#1918=DIRECTION('',(0.,8.67361737988401E-15,-1.));
#1919=DIRECTION('',(0.,0.,-1.));
#1920=DIRECTION('',(-1.,0.,0.));
#1921=DIRECTION('',(0.,0.,-1.));
#1922=DIRECTION('',(-1.,0.,0.));
#1923=DIRECTION('',(-1.,0.,0.));
#1924=DIRECTION('',(0.,0.,1.));
#1925=DIRECTION('',(1.,0.,0.));
#1926=DIRECTION('',(0.,0.,-1.));
#1927=DIRECTION('',(-1.,-8.67361737988401E-15,0.));
#1928=DIRECTION('',(8.67361737988401E-15,-1.,0.));
#1929=DIRECTION('',(-1.,0.,0.));
#1930=DIRECTION('',(0.,0.,1.));
#1931=DIRECTION('',(0.,1.,0.));
#1932=DIRECTION('',(0.,0.,1.));
#1933=DIRECTION('',(0.,0.,-1.));
#1934=DIRECTION('',(-1.,0.,0.));
#1935=DIRECTION('',(-1.,0.,0.));
#1936=DIRECTION('',(0.,0.,1.));
#1937=DIRECTION('',(1.,0.,4.33680868994201E-15));
#1938=DIRECTION('',(4.33680868994201E-15,0.,-1.));
#1939=DIRECTION('',(-6.12303176911189E-17,0.,-1.));
#1940=DIRECTION('',(-1.,0.,6.12303176911189E-17));
#1941=DIRECTION('',(0.,0.,-1.));
#1942=DIRECTION('',(-1.,0.,0.));
#1943=DIRECTION('',(-4.33680868994201E-15,-1.,0.));
#1944=DIRECTION('',(1.,-4.33680868994201E-15,0.));
#1945=DIRECTION('',(0.,-1.,0.));
#1946=DIRECTION('',(0.,0.,-1.));
#1947=DIRECTION('',(0.,1.,0.));
#1948=DIRECTION('',(0.,0.,1.));
#1949=DIRECTION('',(0.,-1.,0.));
#1950=DIRECTION('',(0.,0.,-1.));
#1951=DIRECTION('',(0.,1.,-8.67361737988401E-15));
#1952=DIRECTION('',(0.,8.67361737988401E-15,1.));
#1953=DIRECTION('',(0.,0.,-1.));
#1954=DIRECTION('',(-1.,0.,0.));
#1955=DIRECTION('',(0.,0.,-1.));
#1956=DIRECTION('',(-1.,0.,0.));
#1957=DIRECTION('',(1.,0.,0.));
#1958=DIRECTION('',(0.,0.,-1.));
#1959=DIRECTION('',(0.,-1.,0.));
#1960=DIRECTION('',(0.,0.,-1.));
#1961=DIRECTION('',(0.,1.,0.));
#1962=DIRECTION('',(0.,0.,1.));
#1963=DIRECTION('',(-1.,0.,0.));
#1964=DIRECTION('',(0.,0.,1.));
#1965=DIRECTION('',(-1.,0.,0.));
#1966=DIRECTION('',(0.,0.,1.));
#1967=DIRECTION('',(1.73472347597681E-16,0.,-1.));
#1968=DIRECTION('',(-1.,0.,-1.73472347597681E-16));
#1969=DIRECTION('',(0.,0.,1.));
#1970=DIRECTION('',(1.,0.,0.));
#1971=DIRECTION('',(-8.67361737988401E-15,0.,-1.));
#1972=DIRECTION('',(-1.,0.,8.67361737988401E-15));
#1973=DIRECTION('',(0.,0.,-1.));
#1974=DIRECTION('',(-1.,0.,0.));
#1975=DIRECTION('',(0.,-1.,0.));
#1976=DIRECTION('',(0.,0.,-1.));
#1977=DIRECTION('',(1.,0.,0.));
#1978=DIRECTION('',(0.,0.,-1.));
#1979=DIRECTION('',(-6.12303176911189E-17,0.,-1.));
#1980=DIRECTION('',(-1.,0.,6.12303176911189E-17));
#1981=DIRECTION('',(0.,0.,1.));
#1982=DIRECTION('',(1.,0.,0.));
#1983=DIRECTION('',(-1.,0.,8.61303563871805E-17));
#1984=DIRECTION('',(8.61303563871805E-17,0.,1.));
#1985=DIRECTION('',(1.,0.,0.));
#1986=DIRECTION('',(0.,0.,-1.));
#1987=DIRECTION('',(0.,-1.,0.));
#1988=DIRECTION('',(0.,0.,-1.));
#1989=DIRECTION('',(1.,0.,0.));
#1990=DIRECTION('',(0.,0.,-1.));
#1991=DIRECTION('',(0.,-1.,0.));
#1992=DIRECTION('',(0.,0.,-1.));
#1993=DIRECTION('',(0.,0.,-1.));
#1994=DIRECTION('',(-1.,0.,0.));
#1995=DIRECTION('',(-1.,0.,0.));
#1996=DIRECTION('',(0.,0.,1.));
#1997=DIRECTION('',(1.,0.,0.));
#1998=DIRECTION('',(0.,0.,-1.));
#1999=DIRECTION('',(0.,0.,1.));
#2000=DIRECTION('',(1.,0.,0.));
#2001=DIRECTION('',(0.,0.,-1.));
#2002=DIRECTION('',(-1.,0.,0.));
#2003=DIRECTION('',(0.,1.,0.));
#2004=DIRECTION('',(0.,0.,1.));
#2005=DIRECTION('',(8.67361737988401E-15,1.,0.));
#2006=DIRECTION('',(-1.,8.67361737988401E-15,0.));
#2007=DIRECTION('',(0.,-1.,0.));
#2008=DIRECTION('',(0.,0.,-1.));
#2009=DIRECTION('',(0.,0.,-1.));
#2010=DIRECTION('',(-1.,0.,0.));
#2011=DIRECTION('',(-1.,8.67361737988401E-15,0.));
#2012=DIRECTION('',(-8.67361737988401E-15,-1.,0.));
#2013=DIRECTION('',(-1.,0.,0.));
#2014=DIRECTION('',(0.,0.,1.));
#2015=DIRECTION('',(6.12303176911189E-17,0.,1.));
#2016=DIRECTION('',(1.,0.,-6.12303176911189E-17));
#2017=DIRECTION('',(0.,0.,-1.));
#2018=DIRECTION('',(-1.,0.,0.));
#2019=DIRECTION('',(-1.,0.,0.));
#2020=DIRECTION('',(0.,0.,1.));
#2021=DIRECTION('',(1.,0.,0.));
#2022=DIRECTION('',(0.,0.,-1.));
#2023=DIRECTION('',(0.,1.,0.));
#2024=DIRECTION('',(0.,0.,1.));
#2025=DIRECTION('',(0.,1.,0.));
#2026=DIRECTION('',(0.,0.,1.));
#2027=DIRECTION('',(0.,1.,0.));
#2028=DIRECTION('',(0.,0.,1.));
#2029=CARTESIAN_POINT('',(0.,0.,0.));
#2030=CARTESIAN_POINT('',(4.,4.,3.225));
#2031=CARTESIAN_POINT('',(3.,4.,3.225));
#2032=CARTESIAN_POINT('',(3.,-3.9,3.225));
#2033=CARTESIAN_POINT('',(3.,3.9,3.225));
#2034=CARTESIAN_POINT('',(4.,3.9,3.225));
#2035=CARTESIAN_POINT('',(-3.,3.9,3.225));
#2036=CARTESIAN_POINT('',(-3.,-4.,3.225));
#2037=CARTESIAN_POINT('',(-3.,-3.9,3.225));
#2038=CARTESIAN_POINT('',(4.,-3.9,3.225));
#2039=CARTESIAN_POINT('',(1.05721799923875,1.98609225383741,3.225));
#2040=CARTESIAN_POINT('',(0.430954433624487,2.24962588444929,3.225));
#2041=CARTESIAN_POINT('',(-1.05874914339498,2.16271125261963,3.22499999999999));
#2042=CARTESIAN_POINT('',(-1.84706096577763,0.856142584701001,3.225));
#2043=CARTESIAN_POINT('',(-1.83563356192011,0.175457762303366,3.225));
#2044=CARTESIAN_POINT('',(1.05721799923875,1.98609225383741,3.225));
#2045=CARTESIAN_POINT('',(-1.83563356192011,0.175457762303366,3.225));
#2046=CARTESIAN_POINT('',(0.,0.,3.225));
#2047=CARTESIAN_POINT('',(2.15115333330223,0.659402513863928,3.225));
#2048=CARTESIAN_POINT('',(-0.178004434290596,-1.83538835709854,3.225));
#2049=CARTESIAN_POINT('',(0.488114850256561,-1.97622549734461,3.225));
#2050=CARTESIAN_POINT('',(1.9202530295023,-1.4530555384093,3.225));
#2051=CARTESIAN_POINT('',(2.29015749686431,-0.00550647273127016,3.225));
#2052=CARTESIAN_POINT('',(2.15115333330223,0.65940251386393,3.225));
#2053=CARTESIAN_POINT('',(-0.178004434290596,-1.83538835709854,3.225));
#2054=CARTESIAN_POINT('',(0.,0.,3.225));
#2055=CARTESIAN_POINT('',(-1.83550417137002,0.,0.986453653157235));
#2056=CARTESIAN_POINT('',(0.,0.,0.986453653157235));
#2057=CARTESIAN_POINT('',(0.,2.33607481249486,0.986453653157235));
#2058=CARTESIAN_POINT('',(0.,0.,0.986453653157235));
#2059=CARTESIAN_POINT('',(2.0783023805693,0.861934773394918,0.986453653157235));
#2060=CARTESIAN_POINT('',(0.859720449993796,2.07921934545873,0.986453653157235));
#2061=CARTESIAN_POINT('',(0.859720449993796,2.07921934545873,0.986453653157235));
#2062=CARTESIAN_POINT('',(0.211295505858613,2.28048392511456,0.986453653157235));
#2063=CARTESIAN_POINT('',(-1.26089822242557,2.05090974221758,0.986453653157231));
#2064=CARTESIAN_POINT('',(-1.92040960259195,0.675796397450022,0.986453653157245));
#2065=CARTESIAN_POINT('',(-1.844,-7.93829654107244E-14,0.986453653157245));
#2066=CARTESIAN_POINT('',(-1.844,-7.82849990841584E-14,0.98645365315724));
#2067=CARTESIAN_POINT('',(0.,0.,0.986453653157235));
#2068=CARTESIAN_POINT('',(0.,-1.844,0.986453653157235));
#2069=CARTESIAN_POINT('',(0.,-1.844,0.986453653157235));
#2070=CARTESIAN_POINT('',(0.676150435270887,-1.91853288034281,0.986453653157235));
#2071=CARTESIAN_POINT('',(2.05074193676917,-1.26264672487666,0.986453653157236));
#2072=CARTESIAN_POINT('',(2.27950715931642,0.213516526498494,0.986453653157235));
#2073=CARTESIAN_POINT('',(2.0783023805693,0.861934773394916,0.986453653157235));
#2074=CARTESIAN_POINT('',(4.,3.26,-3.225));
#2075=CARTESIAN_POINT('',(4.,3.26,-3.225));
#2076=CARTESIAN_POINT('',(4.,3.26,-7.625));
#2077=CARTESIAN_POINT('',(4.,3.26,-3.125));
#2078=CARTESIAN_POINT('',(4.,3.26,-7.625));
#2079=CARTESIAN_POINT('',(2.93548513763038,3.26,-7.625));
#2080=CARTESIAN_POINT('',(2.93548513763038,3.26,-3.225));
#2081=CARTESIAN_POINT('',(2.93548513763038,3.26,-3.125));
#2082=CARTESIAN_POINT('',(3.03548513763038,3.26,-3.125));
#2083=CARTESIAN_POINT('',(3.03548513763038,3.26,-3.225));
#2084=CARTESIAN_POINT('',(4.,3.26,-3.225));
#2085=CARTESIAN_POINT('',(3.9,3.26,-3.225));
#2086=CARTESIAN_POINT('',(3.9,3.26,-3.125));
#2087=CARTESIAN_POINT('',(4.,3.26,-3.225));
#2088=CARTESIAN_POINT('',(-3.09968349727788,3.26,-3.225));
#2089=CARTESIAN_POINT('',(-3.09968349727788,3.26,-7.625));
#2090=CARTESIAN_POINT('',(-3.09968349727788,3.26,-3.125));
#2091=CARTESIAN_POINT('',(4.,3.26,-7.625));
#2092=CARTESIAN_POINT('',(-4.,3.26,-7.625));
#2093=CARTESIAN_POINT('',(-4.,3.26,-3.225));
#2094=CARTESIAN_POINT('',(-4.,3.26,-3.125));
#2095=CARTESIAN_POINT('',(-3.9,3.26,-3.125));
#2096=CARTESIAN_POINT('',(-3.9,3.26,-3.225));
#2097=CARTESIAN_POINT('',(4.,3.26,-3.225));
#2098=CARTESIAN_POINT('',(-3.19968349727788,3.26,-3.225));
#2099=CARTESIAN_POINT('',(-3.19968349727788,3.26,-3.125));
#2100=CARTESIAN_POINT('',(4.,3.26,-3.225));
#2101=CARTESIAN_POINT('',(4.,3.9,-3.225));
#2102=CARTESIAN_POINT('',(3.03548513763038,3.9,-3.225));
#2103=CARTESIAN_POINT('',(3.9,3.9,-3.225));
#2104=CARTESIAN_POINT('',(3.9,3.26,-3.225));
#2105=CARTESIAN_POINT('',(3.03548513763038,4.,-3.225));
#2106=CARTESIAN_POINT('',(4.,3.26,-3.225));
#2107=CARTESIAN_POINT('',(-3.9,4.,-3.225));
#2108=CARTESIAN_POINT('',(-3.9,3.9,-3.225));
#2109=CARTESIAN_POINT('',(4.,3.9,-3.225));
#2110=CARTESIAN_POINT('',(-3.19968349727788,3.9,-3.225));
#2111=CARTESIAN_POINT('',(-3.19968349727788,3.26,-3.225));
#2112=CARTESIAN_POINT('',(4.,4.,-3.225));
#2113=CARTESIAN_POINT('',(3.,4.,2.225));
#2114=CARTESIAN_POINT('',(3.,4.,3.125));
#2115=CARTESIAN_POINT('',(3.9,4.,2.225));
#2116=CARTESIAN_POINT('',(3.9,4.,-3.225));
#2117=CARTESIAN_POINT('',(3.9,4.,-3.125));
#2118=CARTESIAN_POINT('',(4.,4.,-3.125));
#2119=CARTESIAN_POINT('',(3.03548513763038,4.,-3.125));
#2120=CARTESIAN_POINT('',(3.03548513763038,4.,1.97753564459444));
#2121=CARTESIAN_POINT('',(3.03548513763038,4.,1.97753564459444));
#2122=CARTESIAN_POINT('',(2.43548513763038,4.,1.97753564459444));
#2123=CARTESIAN_POINT('',(2.43548513763038,4.,2.57753564459444));
#2124=CARTESIAN_POINT('',(-2.59968349727789,4.,2.57753564459445));
#2125=CARTESIAN_POINT('',(-2.59968349727789,4.,2.57753564459445));
#2126=CARTESIAN_POINT('',(-2.59968349727789,4.,1.97753564459444));
#2127=CARTESIAN_POINT('',(-3.19968349727789,4.,1.97753564459444));
#2128=CARTESIAN_POINT('',(-3.19968349727788,4.,-3.225));
#2129=CARTESIAN_POINT('',(-3.19968349727788,4.,-3.125));
#2130=CARTESIAN_POINT('',(4.,4.,-3.125));
#2131=CARTESIAN_POINT('',(-3.9,4.,-3.125));
#2132=CARTESIAN_POINT('',(-3.9,4.,2.225));
#2133=CARTESIAN_POINT('',(-3.9,4.,2.225));
#2134=CARTESIAN_POINT('',(-3.,4.,2.225));
#2135=CARTESIAN_POINT('',(-3.,4.,3.125));
#2136=CARTESIAN_POINT('',(4.,4.,3.125));
#2137=CARTESIAN_POINT('',(4.,-4.,3.225));
#2138=CARTESIAN_POINT('',(3.03548513763038,-4.,-3.225));
#2139=CARTESIAN_POINT('',(3.03548513763038,-4.,1.97753564459444));
#2140=CARTESIAN_POINT('',(3.03548513763038,-4.,-3.125));
#2141=CARTESIAN_POINT('',(4.,-4.,-3.125));
#2142=CARTESIAN_POINT('',(3.9,-4.,-3.125));
#2143=CARTESIAN_POINT('',(3.9,-4.,3.225));
#2144=CARTESIAN_POINT('',(3.9,-4.,2.225));
#2145=CARTESIAN_POINT('',(3.,-4.,2.225));
#2146=CARTESIAN_POINT('',(3.,-4.,3.125));
#2147=CARTESIAN_POINT('',(4.,-4.,3.125));
#2148=CARTESIAN_POINT('',(-3.,-4.,3.125));
#2149=CARTESIAN_POINT('',(-3.,-4.,2.225));
#2150=CARTESIAN_POINT('',(-3.9,-4.,2.225));
#2151=CARTESIAN_POINT('',(-3.9,-4.,-3.225));
#2152=CARTESIAN_POINT('',(-3.9,-4.,-3.125));
#2153=CARTESIAN_POINT('',(4.,-4.,-3.125));
#2154=CARTESIAN_POINT('',(-3.19968349727788,-4.,-3.125));
#2155=CARTESIAN_POINT('',(-3.19968349727789,-4.,1.97753564459444));
#2156=CARTESIAN_POINT('',(-3.19968349727789,-4.,1.97753564459444));
#2157=CARTESIAN_POINT('',(-2.59968349727789,-4.,1.97753564459444));
#2158=CARTESIAN_POINT('',(-2.59968349727789,-4.,2.57753564459445));
#2159=CARTESIAN_POINT('',(2.43548513763038,-4.,2.57753564459444));
#2160=CARTESIAN_POINT('',(2.43548513763038,-4.,2.57753564459444));
#2161=CARTESIAN_POINT('',(2.43548513763038,-4.,1.97753564459444));
#2162=CARTESIAN_POINT('',(4.,-4.,-3.225));
#2163=CARTESIAN_POINT('',(4.,-3.26,-3.225));
#2164=CARTESIAN_POINT('',(3.9,-3.26,-3.225));
#2165=CARTESIAN_POINT('',(3.03548513763038,-3.26,-3.225));
#2166=CARTESIAN_POINT('',(3.9,-4.,-3.225));
#2167=CARTESIAN_POINT('',(3.9,-3.9,-3.225));
#2168=CARTESIAN_POINT('',(4.,-3.9,-3.225));
#2169=CARTESIAN_POINT('',(3.03548513763038,-3.9,-3.225));
#2170=CARTESIAN_POINT('',(3.03548513763038,-3.26,-3.225));
#2171=CARTESIAN_POINT('',(4.,-4.,-3.225));
#2172=CARTESIAN_POINT('',(4.,-3.9,-3.225));
#2173=CARTESIAN_POINT('',(-3.19968349727788,-3.9,-3.225));
#2174=CARTESIAN_POINT('',(-3.9,-3.9,-3.225));
#2175=CARTESIAN_POINT('',(-3.9,-3.26,-3.225));
#2176=CARTESIAN_POINT('',(-3.9,-3.26,-3.225));
#2177=CARTESIAN_POINT('',(4.,-3.26,-3.225));
#2178=CARTESIAN_POINT('',(-3.19968349727788,-3.26,-3.225));
#2179=CARTESIAN_POINT('',(-3.19968349727788,-4.,-3.225));
#2180=CARTESIAN_POINT('',(4.,-3.26,-3.225));
#2181=CARTESIAN_POINT('',(2.93548513763038,-3.26,-3.225));
#2182=CARTESIAN_POINT('',(2.93548513763038,-3.26,-7.625));
#2183=CARTESIAN_POINT('',(2.93548513763038,-3.26,-3.125));
#2184=CARTESIAN_POINT('',(4.,-3.26,-7.625));
#2185=CARTESIAN_POINT('',(4.,-3.26,-7.625));
#2186=CARTESIAN_POINT('',(4.,-3.26,-3.225));
#2187=CARTESIAN_POINT('',(4.,-3.26,-3.125));
#2188=CARTESIAN_POINT('',(3.9,-3.26,-3.125));
#2189=CARTESIAN_POINT('',(3.03548513763038,-3.26,-3.125));
#2190=CARTESIAN_POINT('',(4.,-3.26,-3.225));
#2191=CARTESIAN_POINT('',(-4.,-3.26,-3.225));
#2192=CARTESIAN_POINT('',(-4.,-3.26,-3.125));
#2193=CARTESIAN_POINT('',(-4.,-3.26,-7.625));
#2194=CARTESIAN_POINT('',(4.,-3.26,-7.625));
#2195=CARTESIAN_POINT('',(-3.09968349727788,-3.26,-7.625));
#2196=CARTESIAN_POINT('',(-3.09968349727788,-3.26,-3.225));
#2197=CARTESIAN_POINT('',(-3.09968349727788,-3.26,-3.125));
#2198=CARTESIAN_POINT('',(-3.19968349727788,-3.26,-3.125));
#2199=CARTESIAN_POINT('',(-3.9,-3.26,-3.125));
#2200=CARTESIAN_POINT('',(4.,-1.74,-8.225));
#2201=CARTESIAN_POINT('',(2.93548513763038,-17.6980326408757,-8.225));
#2202=CARTESIAN_POINT('',(2.93548513763038,-2.66,-8.225));
#2203=CARTESIAN_POINT('',(2.93548513763038,-2.34,-8.225));
#2204=CARTESIAN_POINT('',(4.,-2.34,-8.225));
#2205=CARTESIAN_POINT('',(4.,-2.34,-8.225));
#2206=CARTESIAN_POINT('',(4.,-1.74,-8.225));
#2207=CARTESIAN_POINT('',(4.,-2.66,-8.225));
#2208=CARTESIAN_POINT('',(4.,-2.66,-8.225));
#2209=CARTESIAN_POINT('',(4.,-1.74,-8.225));
#2210=CARTESIAN_POINT('',(-3.09968349727788,-17.6980326408757,-8.225));
#2211=CARTESIAN_POINT('',(-3.09968349727788,-2.66,-8.225));
#2212=CARTESIAN_POINT('',(-3.09968349727788,-2.34,-8.225));
#2213=CARTESIAN_POINT('',(4.,-2.66,-8.225));
#2214=CARTESIAN_POINT('',(-4.,-2.66,-8.225));
#2215=CARTESIAN_POINT('',(-4.,-1.74,-8.225));
#2216=CARTESIAN_POINT('',(-4.,-2.34,-8.225));
#2217=CARTESIAN_POINT('',(4.,-2.34,-8.225));
#2218=CARTESIAN_POINT('',(4.,-1.74,-3.225));
#2219=CARTESIAN_POINT('',(4.,-1.74,-3.225));
#2220=CARTESIAN_POINT('',(4.,-1.74,-7.625));
#2221=CARTESIAN_POINT('',(4.,-1.74,-2.30300229736896));
#2222=CARTESIAN_POINT('',(4.,-1.74,-7.625));
#2223=CARTESIAN_POINT('',(2.93548513763038,-1.74,-7.625));
#2224=CARTESIAN_POINT('',(2.93548513763038,-1.74,-3.225));
#2225=CARTESIAN_POINT('',(2.93548513763038,-1.74,-2.30300229736896));
#2226=CARTESIAN_POINT('',(23.8323799750697,-1.74,-2.30300229736896));
#2227=CARTESIAN_POINT('',(4.,-1.74,-3.225));
#2228=CARTESIAN_POINT('',(-3.09968349727788,-1.74,-3.225));
#2229=CARTESIAN_POINT('',(-3.09968349727788,-1.74,-7.625));
#2230=CARTESIAN_POINT('',(-3.09968349727788,-1.74,-2.30300229736896));
#2231=CARTESIAN_POINT('',(4.,-1.74,-7.625));
#2232=CARTESIAN_POINT('',(-4.,-1.74,-7.625));
#2233=CARTESIAN_POINT('',(-4.,-1.74,-3.225));
#2234=CARTESIAN_POINT('',(-4.,-1.74,-2.30300229736896));
#2235=CARTESIAN_POINT('',(23.8323799750697,-1.74,-2.30300229736896));
#2236=CARTESIAN_POINT('',(4.,1.74,-3.225));
#2237=CARTESIAN_POINT('',(2.93548513763038,1.74,-3.225));
#2238=CARTESIAN_POINT('',(2.93548513763038,1.74,-7.625));
#2239=CARTESIAN_POINT('',(2.93548513763038,1.74,-2.30300229736896));
#2240=CARTESIAN_POINT('',(4.,1.74,-7.625));
#2241=CARTESIAN_POINT('',(4.,1.74,-7.625));
#2242=CARTESIAN_POINT('',(4.,1.74,-3.225));
#2243=CARTESIAN_POINT('',(4.,1.74,-2.30300229736896));
#2244=CARTESIAN_POINT('',(23.8323799750697,1.74,-2.30300229736896));
#2245=CARTESIAN_POINT('',(4.,1.74,-3.225));
#2246=CARTESIAN_POINT('',(-4.,1.74,-3.225));
#2247=CARTESIAN_POINT('',(-4.,1.74,-2.30300229736896));
#2248=CARTESIAN_POINT('',(-4.,1.74,-7.625));
#2249=CARTESIAN_POINT('',(4.,1.74,-7.625));
#2250=CARTESIAN_POINT('',(-3.09968349727788,1.74,-7.625));
#2251=CARTESIAN_POINT('',(-3.09968349727788,1.74,-3.225));
#2252=CARTESIAN_POINT('',(-3.09968349727788,1.74,-2.30300229736896));
#2253=CARTESIAN_POINT('',(23.8323799750697,1.74,-2.30300229736896));
#2254=CARTESIAN_POINT('',(4.,1.74,-8.225));
#2255=CARTESIAN_POINT('',(4.,1.74,-8.225));
#2256=CARTESIAN_POINT('',(4.,2.34,-8.225));
#2257=CARTESIAN_POINT('',(4.,2.66,-8.225));
#2258=CARTESIAN_POINT('',(4.,2.34,-8.225));
#2259=CARTESIAN_POINT('',(2.93548513763038,2.34,-8.225));
#2260=CARTESIAN_POINT('',(2.93548513763038,1.74,-8.225));
#2261=CARTESIAN_POINT('',(2.93548513763038,2.66,-8.225));
#2262=CARTESIAN_POINT('',(4.,2.66,-8.225));
#2263=CARTESIAN_POINT('',(4.,1.74,-8.225));
#2264=CARTESIAN_POINT('',(-3.09968349727788,1.74,-8.225));
#2265=CARTESIAN_POINT('',(-3.09968349727788,2.34,-8.225));
#2266=CARTESIAN_POINT('',(-3.09968349727788,2.66,-8.225));
#2267=CARTESIAN_POINT('',(4.,2.34,-8.225));
#2268=CARTESIAN_POINT('',(-4.,2.34,-8.225));
#2269=CARTESIAN_POINT('',(-4.,1.74,-8.225));
#2270=CARTESIAN_POINT('',(-4.,2.66,-8.225));
#2271=CARTESIAN_POINT('',(4.,2.66,-8.225));
#2272=CARTESIAN_POINT('',(4.,0.,0.));
#2273=CARTESIAN_POINT('',(4.,0.,-3.125));
#2274=CARTESIAN_POINT('',(4.,3.9,-3.125));
#2275=CARTESIAN_POINT('',(4.,3.9,0.));
#2276=CARTESIAN_POINT('',(4.,3.9,2.225));
#2277=CARTESIAN_POINT('',(4.,0.,2.225));
#2278=CARTESIAN_POINT('',(4.,-3.9,2.225));
#2279=CARTESIAN_POINT('',(4.,-3.9,0.));
#2280=CARTESIAN_POINT('',(4.,-3.9,-3.125));
#2281=CARTESIAN_POINT('',(4.,0.,-3.125));
#2282=CARTESIAN_POINT('',(4.,-2.66,-7.625));
#2283=CARTESIAN_POINT('',(4.,-2.34,-7.625));
#2284=CARTESIAN_POINT('',(4.,6.42425969944109E-17,-2.30300229736896));
#2285=CARTESIAN_POINT('',(4.,2.34,-7.625));
#2286=CARTESIAN_POINT('',(4.,2.66,-7.625));
#2287=CARTESIAN_POINT('',(-4.,0.,0.));
#2288=CARTESIAN_POINT('',(-4.,4.,2.225));
#2289=CARTESIAN_POINT('',(-4.,-3.9,2.225));
#2290=CARTESIAN_POINT('',(-4.,3.9,2.225));
#2291=CARTESIAN_POINT('',(-4.,3.9,-3.225));
#2292=CARTESIAN_POINT('',(-4.,3.9,-3.125));
#2293=CARTESIAN_POINT('',(-4.,3.26,-3.125));
#2294=CARTESIAN_POINT('',(-4.,2.66,-7.625));
#2295=CARTESIAN_POINT('',(-4.,2.34,-7.625));
#2296=CARTESIAN_POINT('',(-4.,6.42425969944109E-17,-2.30300229736896));
#2297=CARTESIAN_POINT('',(-4.,-2.34,-7.625));
#2298=CARTESIAN_POINT('',(-4.,-2.66,-7.625));
#2299=CARTESIAN_POINT('',(-4.,-4.,-3.125));
#2300=CARTESIAN_POINT('',(-4.,-3.9,-3.125));
#2301=CARTESIAN_POINT('',(-4.,-3.9,2.225));
#2302=CARTESIAN_POINT('',(-3.,4.,2.225));
#2303=CARTESIAN_POINT('',(-3.,3.9,2.225));
#2304=CARTESIAN_POINT('',(-3.,-3.9,2.225));
#2305=CARTESIAN_POINT('',(3.,0.,2.225));
#2306=CARTESIAN_POINT('',(3.,3.9,2.225));
#2307=CARTESIAN_POINT('',(3.,-3.9,2.225));
#2308=CARTESIAN_POINT('',(2.43548513763038,-17.6980326408757,1.97753564459444));
#2309=CARTESIAN_POINT('',(2.43548513763038,-17.6980326408757,2.47753564459444));
#2310=CARTESIAN_POINT('',(2.43548513763038,-3.9,2.47753564459444));
#2311=CARTESIAN_POINT('',(2.43548513763038,3.9,2.47753564459444));
#2312=CARTESIAN_POINT('',(2.43548513763038,3.9,1.97753564459444));
#2313=CARTESIAN_POINT('',(2.93548513763038,3.9,1.97753564459444));
#2314=CARTESIAN_POINT('',(2.93548513763038,-17.6980326408757,1.97753564459444));
#2315=CARTESIAN_POINT('',(2.93548513763038,-3.9,1.97753564459444));
#2316=CARTESIAN_POINT('',(2.43548513763038,-3.9,1.97753564459444));
#2317=CARTESIAN_POINT('',(2.43548513763038,-17.6980326408757,2.47753564459444));
#2318=CARTESIAN_POINT('',(0.,0.,2.47753564459444));
#2319=CARTESIAN_POINT('',(2.33607481249486,0.,2.47753564459444));
#2320=CARTESIAN_POINT('',(-2.59968349727789,-17.6980326408757,2.47753564459444));
#2321=CARTESIAN_POINT('',(-2.59968349727789,-3.9,2.47753564459444));
#2322=CARTESIAN_POINT('',(-2.59968349727789,3.9,2.47753564459444));
#2323=CARTESIAN_POINT('',(2.43548513763038,3.9,2.47753564459444));
#2324=CARTESIAN_POINT('',(-2.59968349727789,-3.9,2.47753564459444));
#2325=CARTESIAN_POINT('',(-2.59968349727789,-17.6980326408757,1.97753564459444));
#2326=CARTESIAN_POINT('',(-3.09968349727789,-17.6980326408757,1.97753564459444));
#2327=CARTESIAN_POINT('',(-3.09968349727789,-3.9,1.97753564459444));
#2328=CARTESIAN_POINT('',(-3.09968349727789,3.9,1.97753564459444));
#2329=CARTESIAN_POINT('',(-2.59968349727789,3.9,1.97753564459444));
#2330=CARTESIAN_POINT('',(-2.59968349727789,-3.9,1.97753564459444));
#2331=CARTESIAN_POINT('',(2.93548513763038,-17.6980326408757,-3.225));
#2332=CARTESIAN_POINT('',(2.93548513763038,3.26,-3.125));
#2333=CARTESIAN_POINT('',(2.93548513763038,3.9,-3.125));
#2334=CARTESIAN_POINT('',(2.93548513763038,2.66,-7.625));
#2335=CARTESIAN_POINT('',(2.93548513763038,2.34,-7.625));
#2336=CARTESIAN_POINT('',(2.93548513763038,-17.6980326408757,-2.30300229736896));
#2337=CARTESIAN_POINT('',(2.93548513763038,-2.34,-7.625));
#2338=CARTESIAN_POINT('',(2.93548513763038,-2.66,-7.625));
#2339=CARTESIAN_POINT('',(2.93548513763038,-4.,-3.125));
#2340=CARTESIAN_POINT('',(2.93548513763038,-3.9,-3.125));
#2341=CARTESIAN_POINT('',(2.93548513763038,-3.9,1.97753564459444));
#2342=CARTESIAN_POINT('',(2.93548513763038,3.9,-3.225));
#2343=CARTESIAN_POINT('',(-3.09968349727788,-17.6980326408757,-3.225));
#2344=CARTESIAN_POINT('',(-3.09968349727788,4.,-3.125));
#2345=CARTESIAN_POINT('',(-3.09968349727788,3.9,-3.125));
#2346=CARTESIAN_POINT('',(-3.09968349727789,3.9,1.97753564459444));
#2347=CARTESIAN_POINT('',(-3.09968349727788,-3.9,-3.225));
#2348=CARTESIAN_POINT('',(-3.09968349727788,-3.9,-3.125));
#2349=CARTESIAN_POINT('',(-3.09968349727788,-3.26,-3.125));
#2350=CARTESIAN_POINT('',(-3.09968349727788,-2.66,-7.625));
#2351=CARTESIAN_POINT('',(-3.09968349727788,-2.34,-7.625));
#2352=CARTESIAN_POINT('',(-3.09968349727788,-17.6980326408757,-2.30300229736896));
#2353=CARTESIAN_POINT('',(-3.09968349727788,2.34,-7.625));
#2354=CARTESIAN_POINT('',(-3.09968349727788,2.66,-7.625));
#2355=CARTESIAN_POINT('',(23.8323799750697,-1.74,-2.30300229736896));
#2356=CARTESIAN_POINT('',(23.8323799750697,-1.74,-2.30300229736896));
#2357=CARTESIAN_POINT('',(4.,-2.66,-7.625));
#2358=CARTESIAN_POINT('',(4.,2.66,-7.625));
#2359=CARTESIAN_POINT('',(4.,2.66,-7.625));
#2360=CARTESIAN_POINT('',(4.,2.34,-7.625));
#2361=CARTESIAN_POINT('',(4.,2.34,-7.625));
#2362=CARTESIAN_POINT('',(4.,-2.34,-7.625));
#2363=CARTESIAN_POINT('',(4.,-2.34,-7.625));
#2364=CARTESIAN_POINT('',(4.,-2.66,-7.625));
#2365=CARTESIAN_POINT('',(0.,0.,-0.089259246535323));
#2366=CARTESIAN_POINT('',(0.,-1.844,0.423953653157235));
#2367=CARTESIAN_POINT('',(0.420880966775437,-1.844,0.450739367442949));
#2368=CARTESIAN_POINT('',(0.800081614932777,-1.66138659241206,0.477525081728663));
#2369=CARTESIAN_POINT('',(1.17928226309012,-1.47877318482412,0.504310796014378));
#2370=CARTESIAN_POINT('',(1.44169725367105,-1.1497151946275,0.531096510300092));
#2371=CARTESIAN_POINT('',(1.70411224425198,-0.820657204430888,0.557882224585806));
#2372=CARTESIAN_POINT('',(1.79776707006328,-0.410328602215444,0.584667938871521));
#2373=CARTESIAN_POINT('',(1.89142189587459,-1.15816188531002E-16,0.611453653157235));
#2374=CARTESIAN_POINT('',(1.79776707006328,0.410328602215444,0.638239367442949));
#2375=CARTESIAN_POINT('',(1.70411224425198,0.820657204430887,0.665025081728663));
#2376=CARTESIAN_POINT('',(1.44169725367105,1.1497151946275,0.691810796014378));
#2377=CARTESIAN_POINT('',(1.17928226309012,1.47877318482412,0.718596510300092));
#2378=CARTESIAN_POINT('',(0.800081614932777,1.66138659241206,0.745382224585806));
#2379=CARTESIAN_POINT('',(0.420880966775437,1.844,0.772167938871521));
#2380=CARTESIAN_POINT('',(2.25824869762772E-16,1.844,0.798953653157235));
#2381=CARTESIAN_POINT('',(-0.420880966775436,1.844,0.825739367442949));
#2382=CARTESIAN_POINT('',(-0.800081614932777,1.66138659241206,0.852525081728663));
#2383=CARTESIAN_POINT('',(-1.17928226309012,1.47877318482412,0.879310796014378));
#2384=CARTESIAN_POINT('',(-1.44169725367105,1.14971519462751,0.906096510300092));
#2385=CARTESIAN_POINT('',(-1.70411224425198,0.820657204430888,0.932882224585806));
#2386=CARTESIAN_POINT('',(-1.79776707006328,0.410328602215444,0.959667938871521));
#2387=CARTESIAN_POINT('',(-1.89142189587459,3.47448565593005E-16,0.986453653157235));
#2388=CARTESIAN_POINT('',(-1.79776707006328,-0.410328602215443,1.01323936744295));
#2389=CARTESIAN_POINT('',(-1.70411224425198,-0.820657204430887,1.04002508172866));
#2390=CARTESIAN_POINT('',(-1.44169725367105,-1.1497151946275,1.06681079601438));
#2391=CARTESIAN_POINT('',(-1.17928226309012,-1.47877318482412,1.09359651030009));
#2392=CARTESIAN_POINT('',(-0.800081614932778,-1.66138659241206,1.12038222458581));
#2393=CARTESIAN_POINT('',(-0.420880966775437,-1.844,1.14716793887152));
#2394=CARTESIAN_POINT('',(0.,-1.844,1.17395365315723));
#2395=CARTESIAN_POINT('',(0.420880966775437,-1.844,1.20073936744295));
#2396=CARTESIAN_POINT('',(0.800081614932777,-1.66138659241206,1.22752508172866));
#2397=CARTESIAN_POINT('',(1.17928226309012,-1.47877318482412,1.25431079601438));
#2398=CARTESIAN_POINT('',(1.44169725367105,-1.1497151946275,1.28109651030009));
#2399=CARTESIAN_POINT('',(1.70411224425198,-0.820657204430888,1.30788222458581));
#2400=CARTESIAN_POINT('',(1.79776707006328,-0.410328602215444,1.33466793887152));
#2401=CARTESIAN_POINT('',(1.89142189587459,-1.15816188531002E-16,1.36145365315723));
#2402=CARTESIAN_POINT('',(1.79776707006328,0.410328602215444,1.38823936744295));
#2403=CARTESIAN_POINT('',(1.70411224425198,0.820657204430887,1.41502508172866));
#2404=CARTESIAN_POINT('',(1.44169725367105,1.1497151946275,1.44181079601438));
#2405=CARTESIAN_POINT('',(1.17928226309012,1.47877318482412,1.46859651030009));
#2406=CARTESIAN_POINT('',(0.800081614932777,1.66138659241206,1.49538222458581));
#2407=CARTESIAN_POINT('',(0.420880966775437,1.844,1.52216793887152));
#2408=CARTESIAN_POINT('',(2.25824869762772E-16,1.844,1.54895365315723));
#2409=CARTESIAN_POINT('',(-0.420880966775436,1.844,1.57573936744295));
#2410=CARTESIAN_POINT('',(-0.800081614932777,1.66138659241206,1.60252508172866));
#2411=CARTESIAN_POINT('',(-1.17928226309012,1.47877318482412,1.62931079601438));
#2412=CARTESIAN_POINT('',(-1.44169725367105,1.14971519462751,1.65609651030009));
#2413=CARTESIAN_POINT('',(-1.70411224425198,0.820657204430888,1.68288222458581));
#2414=CARTESIAN_POINT('',(-1.79776707006328,0.410328602215444,1.70966793887152));
#2415=CARTESIAN_POINT('',(-1.89142189587459,3.47448565593005E-16,1.73645365315723));
#2416=CARTESIAN_POINT('',(-1.79776707006328,-0.410328602215443,1.76323936744295));
#2417=CARTESIAN_POINT('',(-1.70411224425198,-0.820657204430887,1.79002508172866));
#2418=CARTESIAN_POINT('',(-1.44169725367105,-1.1497151946275,1.81681079601438));
#2419=CARTESIAN_POINT('',(-1.17928226309012,-1.47877318482412,1.84359651030009));
#2420=CARTESIAN_POINT('',(-0.800081614932778,-1.66138659241206,1.87038222458581));
#2421=CARTESIAN_POINT('',(-0.420880966775437,-1.844,1.89716793887152));
#2422=CARTESIAN_POINT('',(0.,-1.844,1.92395365315723));
#2423=CARTESIAN_POINT('',(0.420880966775437,-1.844,1.95073936744295));
#2424=CARTESIAN_POINT('',(0.800081614932777,-1.66138659241206,1.97752508172866));
#2425=CARTESIAN_POINT('',(1.17928226309012,-1.47877318482412,2.00431079601438));
#2426=CARTESIAN_POINT('',(1.44169725367105,-1.1497151946275,2.03109651030009));
#2427=CARTESIAN_POINT('',(1.70411224425198,-0.820657204430888,2.05788222458581));
#2428=CARTESIAN_POINT('',(1.79776707006328,-0.410328602215444,2.08466793887152));
#2429=CARTESIAN_POINT('',(1.89142189587459,-1.15816188531002E-16,2.11145365315723));
#2430=CARTESIAN_POINT('',(1.79776707006328,0.410328602215444,2.13823936744295));
#2431=CARTESIAN_POINT('',(1.70411224425198,0.820657204430887,2.16502508172866));
#2432=CARTESIAN_POINT('',(1.44169725367105,1.1497151946275,2.19181079601438));
#2433=CARTESIAN_POINT('',(1.17928226309012,1.47877318482412,2.21859651030009));
#2434=CARTESIAN_POINT('',(0.800081614932777,1.66138659241206,2.24538222458581));
#2435=CARTESIAN_POINT('',(0.420880966775437,1.844,2.27216793887152));
#2436=CARTESIAN_POINT('',(2.25824869762772E-16,1.844,2.29895365315723));
#2437=CARTESIAN_POINT('',(-0.420880966775436,1.844,2.32573936744295));
#2438=CARTESIAN_POINT('',(-0.800081614932777,1.66138659241206,2.35252508172866));
#2439=CARTESIAN_POINT('',(-1.17928226309012,1.47877318482412,2.37931079601438));
#2440=CARTESIAN_POINT('',(-1.44169725367105,1.14971519462751,2.40609651030009));
#2441=CARTESIAN_POINT('',(-1.70411224425198,0.820657204430888,2.43288222458581));
#2442=CARTESIAN_POINT('',(-1.79776707006328,0.410328602215444,2.45966793887152));
#2443=CARTESIAN_POINT('',(-1.89142189587459,3.47448565593005E-16,2.48645365315723));
#2444=CARTESIAN_POINT('',(-1.79776707006328,-0.410328602215443,2.51323936744295));
#2445=CARTESIAN_POINT('',(-1.70411224425198,-0.820657204430887,2.54002508172866));
#2446=CARTESIAN_POINT('',(-1.44169725367105,-1.1497151946275,2.56681079601438));
#2447=CARTESIAN_POINT('',(-1.17928226309012,-1.47877318482412,2.59359651030009));
#2448=CARTESIAN_POINT('',(-0.800081614932778,-1.66138659241206,2.62038222458581));
#2449=CARTESIAN_POINT('',(-0.420880966775437,-1.844,2.64716793887152));
#2450=CARTESIAN_POINT('',(0.,-1.844,2.67395365315723));
#2451=CARTESIAN_POINT('',(0.420880966775437,-1.844,2.70073936744295));
#2452=CARTESIAN_POINT('',(0.800081614932777,-1.66138659241206,2.72752508172866));
#2453=CARTESIAN_POINT('',(1.17928226309012,-1.47877318482412,2.75431079601438));
#2454=CARTESIAN_POINT('',(1.44169725367105,-1.1497151946275,2.78109651030009));
#2455=CARTESIAN_POINT('',(1.70411224425198,-0.820657204430888,2.80788222458581));
#2456=CARTESIAN_POINT('',(1.79776707006328,-0.410328602215444,2.83466793887152));
#2457=CARTESIAN_POINT('',(1.89142189587459,-1.15816188531002E-16,2.86145365315723));
#2458=CARTESIAN_POINT('',(1.79776707006328,0.410328602215444,2.88823936744295));
#2459=CARTESIAN_POINT('',(1.70411224425198,0.820657204430887,2.91502508172866));
#2460=CARTESIAN_POINT('',(1.44169725367105,1.1497151946275,2.94181079601438));
#2461=CARTESIAN_POINT('',(1.17928226309012,1.47877318482412,2.96859651030009));
#2462=CARTESIAN_POINT('',(0.800081614932777,1.66138659241206,2.99538222458581));
#2463=CARTESIAN_POINT('',(0.420880966775437,1.844,3.02216793887152));
#2464=CARTESIAN_POINT('',(2.25824869762772E-16,1.844,3.04895365315723));
#2465=CARTESIAN_POINT('',(-0.420880966775436,1.844,3.07573936744295));
#2466=CARTESIAN_POINT('',(-0.800081614932777,1.66138659241206,3.10252508172866));
#2467=CARTESIAN_POINT('',(-1.17928226309012,1.47877318482412,3.12931079601438));
#2468=CARTESIAN_POINT('',(-1.44169725367105,1.14971519462751,3.15609651030009));
#2469=CARTESIAN_POINT('',(-1.70411224425198,0.820657204430888,3.18288222458581));
#2470=CARTESIAN_POINT('',(-1.79776707006328,0.410328602215444,3.20966793887152));
#2471=CARTESIAN_POINT('',(-1.89142189587459,3.47448565593005E-16,3.23645365315723));
#2472=CARTESIAN_POINT('',(-1.79776707006328,-0.410328602215443,3.26323936744295));
#2473=CARTESIAN_POINT('',(-1.70411224425198,-0.820657204430887,3.29002508172866));
#2474=CARTESIAN_POINT('',(-1.44169725367105,-1.1497151946275,3.31681079601438));
#2475=CARTESIAN_POINT('',(-1.17928226309012,-1.47877318482412,3.34359651030009));
#2476=CARTESIAN_POINT('',(-0.800081614932778,-1.66138659241206,3.37038222458581));
#2477=CARTESIAN_POINT('',(-0.420880966775437,-1.844,3.39716793887152));
#2478=CARTESIAN_POINT('',(0.,-1.844,3.42395365315723));
#2479=CARTESIAN_POINT('',(0.420880966775437,-1.844,3.45073936744295));
#2480=CARTESIAN_POINT('',(0.800081614932777,-1.66138659241206,3.47752508172866));
#2481=CARTESIAN_POINT('',(1.17928226309012,-1.47877318482412,3.50431079601438));
#2482=CARTESIAN_POINT('',(1.44169725367105,-1.1497151946275,3.53109651030009));
#2483=CARTESIAN_POINT('',(1.70411224425198,-0.820657204430888,3.55788222458581));
#2484=CARTESIAN_POINT('',(1.79776707006328,-0.410328602215444,3.58466793887152));
#2485=CARTESIAN_POINT('',(1.89142189587459,-1.15816188531002E-16,3.61145365315723));
#2486=CARTESIAN_POINT('',(1.79776707006328,0.410328602215444,3.63823936744295));
#2487=CARTESIAN_POINT('',(1.70411224425198,0.820657204430887,3.66502508172866));
#2488=CARTESIAN_POINT('',(1.44169725367105,1.1497151946275,3.69181079601438));
#2489=CARTESIAN_POINT('',(1.17928226309012,1.47877318482412,3.71859651030009));
#2490=CARTESIAN_POINT('',(0.800081614932777,1.66138659241206,3.74538222458581));
#2491=CARTESIAN_POINT('',(0.420880966775437,1.844,3.77216793887152));
#2492=CARTESIAN_POINT('',(2.25824869762772E-16,1.844,3.79895365315723));
#2493=CARTESIAN_POINT('',(-0.420880966775436,1.844,3.82573936744295));
#2494=CARTESIAN_POINT('',(-0.800081614932777,1.66138659241206,3.85252508172866));
#2495=CARTESIAN_POINT('',(-1.17928226309012,1.47877318482412,3.87931079601438));
#2496=CARTESIAN_POINT('',(-1.44169725367105,1.14971519462751,3.90609651030009));
#2497=CARTESIAN_POINT('',(-1.70411224425198,0.820657204430888,3.93288222458581));
#2498=CARTESIAN_POINT('',(-1.79776707006328,0.410328602215444,3.95966793887152));
#2499=CARTESIAN_POINT('',(-1.89142189587459,3.47448565593005E-16,3.98645365315723));
#2500=CARTESIAN_POINT('',(-1.79776707006328,-0.410328602215443,4.01323936744295));
#2501=CARTESIAN_POINT('',(-1.70411224425198,-0.820657204430887,4.04002508172866));
#2502=CARTESIAN_POINT('',(-1.44169725367105,-1.1497151946275,4.06681079601438));
#2503=CARTESIAN_POINT('',(-1.17928226309012,-1.47877318482412,4.09359651030009));
#2504=CARTESIAN_POINT('',(-0.800081614932778,-1.66138659241206,4.12038222458581));
#2505=CARTESIAN_POINT('',(-0.420880966775437,-1.844,4.14716793887152));
#2506=CARTESIAN_POINT('',(0.,-1.844,4.17395365315723));
#2507=CARTESIAN_POINT('',(0.420880966775437,-1.844,4.20073936744295));
#2508=CARTESIAN_POINT('',(0.800081614932777,-1.66138659241206,4.22752508172866));
#2509=CARTESIAN_POINT('',(1.17928226309012,-1.47877318482412,4.25431079601438));
#2510=CARTESIAN_POINT('',(1.44169725367105,-1.1497151946275,4.28109651030009));
#2511=CARTESIAN_POINT('',(1.70411224425198,-0.820657204430888,4.30788222458581));
#2512=CARTESIAN_POINT('',(1.79776707006328,-0.410328602215444,4.33466793887152));
#2513=CARTESIAN_POINT('',(1.89142189587459,-1.15816188531002E-16,4.36145365315723));
#2514=CARTESIAN_POINT('',(1.79776707006328,0.410328602215444,4.38823936744295));
#2515=CARTESIAN_POINT('',(1.70411224425198,0.820657204430887,4.41502508172866));
#2516=CARTESIAN_POINT('',(1.44169725367105,1.1497151946275,4.44181079601438));
#2517=CARTESIAN_POINT('',(1.17928226309012,1.47877318482412,4.46859651030009));
#2518=CARTESIAN_POINT('',(0.800081614932777,1.66138659241206,4.49538222458581));
#2519=CARTESIAN_POINT('',(0.420880966775437,1.844,4.52216793887152));
#2520=CARTESIAN_POINT('',(2.25824869762772E-16,1.844,4.54895365315724));
#2521=CARTESIAN_POINT('',(-0.420880966775436,1.844,4.57573936744295));
#2522=CARTESIAN_POINT('',(-0.800081614932777,1.66138659241206,4.60252508172866));
#2523=CARTESIAN_POINT('',(-1.17928226309012,1.47877318482412,4.62931079601438));
#2524=CARTESIAN_POINT('',(-1.44169725367105,1.14971519462751,4.65609651030009));
#2525=CARTESIAN_POINT('',(-1.70411224425198,0.820657204430888,4.68288222458581));
#2526=CARTESIAN_POINT('',(-1.79776707006328,0.410328602215444,4.70966793887152));
#2527=CARTESIAN_POINT('',(-1.89142189587459,3.47448565593005E-16,4.73645365315723));
#2528=CARTESIAN_POINT('',(-1.79776707006328,-0.410328602215443,4.76323936744295));
#2529=CARTESIAN_POINT('',(-1.70411224425198,-0.820657204430887,4.79002508172866));
#2530=CARTESIAN_POINT('',(-1.44169725367105,-1.1497151946275,4.81681079601438));
#2531=CARTESIAN_POINT('',(-1.17928226309012,-1.47877318482412,4.84359651030009));
#2532=CARTESIAN_POINT('',(-0.800081614932778,-1.66138659241206,4.87038222458581));
#2533=CARTESIAN_POINT('',(-0.420880966775437,-1.844,4.89716793887152));
#2534=CARTESIAN_POINT('',(0.,-1.844,4.92395365315723));
#2535=CARTESIAN_POINT('',(0.420880966775437,-1.844,4.95073936744295));
#2536=CARTESIAN_POINT('',(0.800081614932777,-1.66138659241206,4.97752508172866));
#2537=CARTESIAN_POINT('',(1.17928226309012,-1.47877318482412,5.00431079601438));
#2538=CARTESIAN_POINT('',(1.44169725367105,-1.1497151946275,5.03109651030009));
#2539=CARTESIAN_POINT('',(1.70411224425198,-0.820657204430888,5.05788222458581));
#2540=CARTESIAN_POINT('',(1.79776707006328,-0.410328602215444,5.08466793887152));
#2541=CARTESIAN_POINT('',(1.89142189587459,-1.15816188531002E-16,5.11145365315723));
#2542=CARTESIAN_POINT('',(1.79776707006328,0.410328602215444,5.13823936744295));
#2543=CARTESIAN_POINT('',(1.70411224425198,0.820657204430887,5.16502508172866));
#2544=CARTESIAN_POINT('',(1.44169725367105,1.1497151946275,5.19181079601438));
#2545=CARTESIAN_POINT('',(1.17928226309012,1.47877318482412,5.21859651030009));
#2546=CARTESIAN_POINT('',(0.800081614932777,1.66138659241206,5.24538222458581));
#2547=CARTESIAN_POINT('',(0.420880966775437,1.844,5.27216793887152));
#2548=CARTESIAN_POINT('',(2.25824869762772E-16,1.844,5.29895365315723));
#2549=CARTESIAN_POINT('',(-0.420880966775436,1.844,5.32573936744295));
#2550=CARTESIAN_POINT('',(-0.800081614932777,1.66138659241206,5.35252508172866));
#2551=CARTESIAN_POINT('',(-1.17928226309012,1.47877318482412,5.37931079601438));
#2552=CARTESIAN_POINT('',(-1.44169725367105,1.14971519462751,5.40609651030009));
#2553=CARTESIAN_POINT('',(-1.70411224425198,0.820657204430888,5.43288222458581));
#2554=CARTESIAN_POINT('',(-1.79776707006328,0.410328602215444,5.45966793887152));
#2555=CARTESIAN_POINT('',(-1.89142189587459,3.47448565593005E-16,5.48645365315723));
#2556=CARTESIAN_POINT('',(-1.79776707006328,-0.410328602215443,5.51323936744295));
#2557=CARTESIAN_POINT('',(-1.70411224425198,-0.820657204430887,5.54002508172866));
#2558=CARTESIAN_POINT('',(-1.44169725367105,-1.1497151946275,5.56681079601438));
#2559=CARTESIAN_POINT('',(-1.17928226309012,-1.47877318482412,5.59359651030009));
#2560=CARTESIAN_POINT('',(-0.800081614932778,-1.66138659241206,5.62038222458581));
#2561=CARTESIAN_POINT('',(-0.420880966775437,-1.844,5.64716793887152));
#2562=CARTESIAN_POINT('',(0.,-1.844,5.67395365315723));
#2563=CARTESIAN_POINT('',(0.,-1.844,0.986453653157235));
#2564=CARTESIAN_POINT('',(0.420880966775437,-1.844,1.01323936744295));
#2565=CARTESIAN_POINT('',(0.800081614932777,-1.66138659241206,1.04002508172866));
#2566=CARTESIAN_POINT('',(1.17928226309012,-1.47877318482412,1.06681079601438));
#2567=CARTESIAN_POINT('',(1.44169725367105,-1.1497151946275,1.09359651030009));
#2568=CARTESIAN_POINT('',(1.70411224425198,-0.820657204430888,1.12038222458581));
#2569=CARTESIAN_POINT('',(1.79776707006328,-0.410328602215444,1.14716793887152));
#2570=CARTESIAN_POINT('',(1.89142189587459,-1.15816188531002E-16,1.17395365315723));
#2571=CARTESIAN_POINT('',(1.79776707006328,0.410328602215444,1.20073936744295));
#2572=CARTESIAN_POINT('',(1.70411224425198,0.820657204430887,1.22752508172866));
#2573=CARTESIAN_POINT('',(1.44169725367105,1.1497151946275,1.25431079601438));
#2574=CARTESIAN_POINT('',(1.17928226309012,1.47877318482412,1.28109651030009));
#2575=CARTESIAN_POINT('',(0.800081614932777,1.66138659241206,1.30788222458581));
#2576=CARTESIAN_POINT('',(0.420880966775437,1.844,1.33466793887152));
#2577=CARTESIAN_POINT('',(2.25824869762772E-16,1.844,1.36145365315723));
#2578=CARTESIAN_POINT('',(-0.420880966775436,1.844,1.38823936744295));
#2579=CARTESIAN_POINT('',(-0.800081614932777,1.66138659241206,1.41502508172866));
#2580=CARTESIAN_POINT('',(-1.17928226309012,1.47877318482412,1.44181079601438));
#2581=CARTESIAN_POINT('',(-1.44169725367105,1.14971519462751,1.46859651030009));
#2582=CARTESIAN_POINT('',(-1.70411224425198,0.820657204430888,1.49538222458581));
#2583=CARTESIAN_POINT('',(-1.79776707006328,0.410328602215444,1.52216793887152));
#2584=CARTESIAN_POINT('',(-1.89142189587459,3.47448565593005E-16,1.54895365315723));
#2585=CARTESIAN_POINT('',(-1.79776707006328,-0.410328602215443,1.57573936744295));
#2586=CARTESIAN_POINT('',(-1.70411224425198,-0.820657204430887,1.60252508172866));
#2587=CARTESIAN_POINT('',(-1.44169725367105,-1.1497151946275,1.62931079601438));
#2588=CARTESIAN_POINT('',(-1.17928226309012,-1.47877318482412,1.65609651030009));
#2589=CARTESIAN_POINT('',(-0.800081614932778,-1.66138659241206,1.68288222458581));
#2590=CARTESIAN_POINT('',(-0.420880966775437,-1.844,1.70966793887152));
#2591=CARTESIAN_POINT('',(0.,-1.844,1.73645365315723));
#2592=CARTESIAN_POINT('',(0.420880966775437,-1.844,1.76323936744295));
#2593=CARTESIAN_POINT('',(0.800081614932777,-1.66138659241206,1.79002508172866));
#2594=CARTESIAN_POINT('',(1.17928226309012,-1.47877318482412,1.81681079601438));
#2595=CARTESIAN_POINT('',(1.44169725367105,-1.1497151946275,1.84359651030009));
#2596=CARTESIAN_POINT('',(1.70411224425198,-0.820657204430888,1.87038222458581));
#2597=CARTESIAN_POINT('',(1.79776707006328,-0.410328602215444,1.89716793887152));
#2598=CARTESIAN_POINT('',(1.89142189587459,-1.15816188531002E-16,1.92395365315723));
#2599=CARTESIAN_POINT('',(1.79776707006328,0.410328602215444,1.95073936744295));
#2600=CARTESIAN_POINT('',(1.70411224425198,0.820657204430887,1.97752508172866));
#2601=CARTESIAN_POINT('',(1.44169725367105,1.1497151946275,2.00431079601438));
#2602=CARTESIAN_POINT('',(1.17928226309012,1.47877318482412,2.03109651030009));
#2603=CARTESIAN_POINT('',(0.800081614932777,1.66138659241206,2.05788222458581));
#2604=CARTESIAN_POINT('',(0.420880966775437,1.844,2.08466793887152));
#2605=CARTESIAN_POINT('',(2.25824869762772E-16,1.844,2.11145365315723));
#2606=CARTESIAN_POINT('',(-0.420880966775436,1.844,2.13823936744295));
#2607=CARTESIAN_POINT('',(-0.800081614932777,1.66138659241206,2.16502508172866));
#2608=CARTESIAN_POINT('',(-1.17928226309012,1.47877318482412,2.19181079601438));
#2609=CARTESIAN_POINT('',(-1.44169725367105,1.14971519462751,2.21859651030009));
#2610=CARTESIAN_POINT('',(-1.70411224425198,0.820657204430888,2.24538222458581));
#2611=CARTESIAN_POINT('',(-1.79776707006328,0.410328602215444,2.27216793887152));
#2612=CARTESIAN_POINT('',(-1.89142189587459,3.47448565593005E-16,2.29895365315723));
#2613=CARTESIAN_POINT('',(-1.79776707006328,-0.410328602215443,2.32573936744295));
#2614=CARTESIAN_POINT('',(-1.70411224425198,-0.820657204430887,2.35252508172866));
#2615=CARTESIAN_POINT('',(-1.44169725367105,-1.1497151946275,2.37931079601438));
#2616=CARTESIAN_POINT('',(-1.17928226309012,-1.47877318482412,2.40609651030009));
#2617=CARTESIAN_POINT('',(-0.800081614932778,-1.66138659241206,2.43288222458581));
#2618=CARTESIAN_POINT('',(-0.420880966775437,-1.844,2.45966793887152));
#2619=CARTESIAN_POINT('',(0.,-1.844,2.48645365315723));
#2620=CARTESIAN_POINT('',(0.420880966775437,-1.844,2.51323936744295));
#2621=CARTESIAN_POINT('',(0.800081614932777,-1.66138659241206,2.54002508172866));
#2622=CARTESIAN_POINT('',(1.17928226309012,-1.47877318482412,2.56681079601438));
#2623=CARTESIAN_POINT('',(1.44169725367105,-1.1497151946275,2.59359651030009));
#2624=CARTESIAN_POINT('',(1.70411224425198,-0.820657204430888,2.62038222458581));
#2625=CARTESIAN_POINT('',(1.79776707006328,-0.410328602215444,2.64716793887152));
#2626=CARTESIAN_POINT('',(1.89142189587459,-1.15816188531002E-16,2.67395365315723));
#2627=CARTESIAN_POINT('',(1.79776707006328,0.410328602215444,2.70073936744295));
#2628=CARTESIAN_POINT('',(1.70411224425198,0.820657204430887,2.72752508172866));
#2629=CARTESIAN_POINT('',(1.44169725367105,1.1497151946275,2.75431079601438));
#2630=CARTESIAN_POINT('',(1.17928226309012,1.47877318482412,2.78109651030009));
#2631=CARTESIAN_POINT('',(0.800081614932777,1.66138659241206,2.80788222458581));
#2632=CARTESIAN_POINT('',(0.420880966775437,1.844,2.83466793887152));
#2633=CARTESIAN_POINT('',(2.25824869762772E-16,1.844,2.86145365315723));
#2634=CARTESIAN_POINT('',(-0.420880966775436,1.844,2.88823936744295));
#2635=CARTESIAN_POINT('',(-0.800081614932777,1.66138659241206,2.91502508172866));
#2636=CARTESIAN_POINT('',(-1.17928226309012,1.47877318482412,2.94181079601438));
#2637=CARTESIAN_POINT('',(-1.44169725367105,1.14971519462751,2.96859651030009));
#2638=CARTESIAN_POINT('',(-1.70411224425198,0.820657204430888,2.99538222458581));
#2639=CARTESIAN_POINT('',(-1.79776707006328,0.410328602215444,3.02216793887152));
#2640=CARTESIAN_POINT('',(-1.89142189587459,3.47448565593005E-16,3.04895365315723));
#2641=CARTESIAN_POINT('',(-1.79776707006328,-0.410328602215443,3.07573936744295));
#2642=CARTESIAN_POINT('',(-1.70411224425198,-0.820657204430887,3.10252508172866));
#2643=CARTESIAN_POINT('',(-1.44169725367105,-1.1497151946275,3.12931079601438));
#2644=CARTESIAN_POINT('',(-1.17928226309012,-1.47877318482412,3.15609651030009));
#2645=CARTESIAN_POINT('',(-0.800081614932778,-1.66138659241206,3.18288222458581));
#2646=CARTESIAN_POINT('',(-0.420880966775437,-1.844,3.20966793887152));
#2647=CARTESIAN_POINT('',(0.,-1.844,3.23645365315723));
#2648=CARTESIAN_POINT('',(0.420880966775437,-1.844,3.26323936744295));
#2649=CARTESIAN_POINT('',(0.800081614932777,-1.66138659241206,3.29002508172866));
#2650=CARTESIAN_POINT('',(1.17928226309012,-1.47877318482412,3.31681079601438));
#2651=CARTESIAN_POINT('',(1.44169725367105,-1.1497151946275,3.34359651030009));
#2652=CARTESIAN_POINT('',(1.70411224425198,-0.820657204430888,3.37038222458581));
#2653=CARTESIAN_POINT('',(1.79776707006328,-0.410328602215444,3.39716793887152));
#2654=CARTESIAN_POINT('',(1.89142189587459,-1.15816188531002E-16,3.42395365315723));
#2655=CARTESIAN_POINT('',(1.79776707006328,0.410328602215444,3.45073936744295));
#2656=CARTESIAN_POINT('',(1.70411224425198,0.820657204430887,3.47752508172866));
#2657=CARTESIAN_POINT('',(1.44169725367105,1.1497151946275,3.50431079601438));
#2658=CARTESIAN_POINT('',(1.17928226309012,1.47877318482412,3.53109651030009));
#2659=CARTESIAN_POINT('',(0.800081614932777,1.66138659241206,3.55788222458581));
#2660=CARTESIAN_POINT('',(0.420880966775437,1.844,3.58466793887152));
#2661=CARTESIAN_POINT('',(2.25824869762772E-16,1.844,3.61145365315723));
#2662=CARTESIAN_POINT('',(-0.420880966775436,1.844,3.63823936744295));
#2663=CARTESIAN_POINT('',(-0.800081614932777,1.66138659241206,3.66502508172866));
#2664=CARTESIAN_POINT('',(-1.17928226309012,1.47877318482412,3.69181079601438));
#2665=CARTESIAN_POINT('',(-1.44169725367105,1.14971519462751,3.71859651030009));
#2666=CARTESIAN_POINT('',(-1.70411224425198,0.820657204430888,3.74538222458581));
#2667=CARTESIAN_POINT('',(-1.79776707006328,0.410328602215444,3.77216793887152));
#2668=CARTESIAN_POINT('',(-1.89142189587459,3.47448565593005E-16,3.79895365315723));
#2669=CARTESIAN_POINT('',(-1.79776707006328,-0.410328602215443,3.82573936744295));
#2670=CARTESIAN_POINT('',(-1.70411224425198,-0.820657204430887,3.85252508172866));
#2671=CARTESIAN_POINT('',(-1.44169725367105,-1.1497151946275,3.87931079601438));
#2672=CARTESIAN_POINT('',(-1.17928226309012,-1.47877318482412,3.90609651030009));
#2673=CARTESIAN_POINT('',(-0.800081614932778,-1.66138659241206,3.93288222458581));
#2674=CARTESIAN_POINT('',(-0.420880966775437,-1.844,3.95966793887152));
#2675=CARTESIAN_POINT('',(0.,-1.844,3.98645365315723));
#2676=CARTESIAN_POINT('',(0.420880966775437,-1.844,4.01323936744295));
#2677=CARTESIAN_POINT('',(0.800081614932777,-1.66138659241206,4.04002508172866));
#2678=CARTESIAN_POINT('',(1.17928226309012,-1.47877318482412,4.06681079601438));
#2679=CARTESIAN_POINT('',(1.44169725367105,-1.1497151946275,4.09359651030009));
#2680=CARTESIAN_POINT('',(1.70411224425198,-0.820657204430888,4.12038222458581));
#2681=CARTESIAN_POINT('',(1.79776707006328,-0.410328602215444,4.14716793887152));
#2682=CARTESIAN_POINT('',(1.89142189587459,-1.15816188531002E-16,4.17395365315723));
#2683=CARTESIAN_POINT('',(1.79776707006328,0.410328602215444,4.20073936744295));
#2684=CARTESIAN_POINT('',(1.70411224425198,0.820657204430887,4.22752508172866));
#2685=CARTESIAN_POINT('',(1.44169725367105,1.1497151946275,4.25431079601438));
#2686=CARTESIAN_POINT('',(1.17928226309012,1.47877318482412,4.28109651030009));
#2687=CARTESIAN_POINT('',(0.800081614932777,1.66138659241206,4.30788222458581));
#2688=CARTESIAN_POINT('',(0.420880966775437,1.844,4.33466793887152));
#2689=CARTESIAN_POINT('',(2.25824869762772E-16,1.844,4.36145365315723));
#2690=CARTESIAN_POINT('',(-0.420880966775436,1.844,4.38823936744295));
#2691=CARTESIAN_POINT('',(-0.800081614932777,1.66138659241206,4.41502508172866));
#2692=CARTESIAN_POINT('',(-1.17928226309012,1.47877318482412,4.44181079601438));
#2693=CARTESIAN_POINT('',(-1.44169725367105,1.14971519462751,4.46859651030009));
#2694=CARTESIAN_POINT('',(-1.70411224425198,0.820657204430888,4.49538222458581));
#2695=CARTESIAN_POINT('',(-1.79776707006328,0.410328602215444,4.52216793887152));
#2696=CARTESIAN_POINT('',(-1.89142189587459,3.47448565593005E-16,4.54895365315723));
#2697=CARTESIAN_POINT('',(-1.79776707006328,-0.410328602215443,4.57573936744295));
#2698=CARTESIAN_POINT('',(-1.70411224425198,-0.820657204430887,4.60252508172866));
#2699=CARTESIAN_POINT('',(-1.44169725367105,-1.1497151946275,4.62931079601438));
#2700=CARTESIAN_POINT('',(-1.17928226309012,-1.47877318482412,4.65609651030009));
#2701=CARTESIAN_POINT('',(-0.800081614932778,-1.66138659241206,4.68288222458581));
#2702=CARTESIAN_POINT('',(-0.420880966775437,-1.844,4.70966793887152));
#2703=CARTESIAN_POINT('',(0.,-1.844,4.73645365315723));
#2704=CARTESIAN_POINT('',(0.420880966775437,-1.844,4.76323936744295));
#2705=CARTESIAN_POINT('',(0.800081614932777,-1.66138659241206,4.79002508172866));
#2706=CARTESIAN_POINT('',(1.17928226309012,-1.47877318482412,4.81681079601438));
#2707=CARTESIAN_POINT('',(1.44169725367105,-1.1497151946275,4.84359651030009));
#2708=CARTESIAN_POINT('',(1.70411224425198,-0.820657204430888,4.87038222458581));
#2709=CARTESIAN_POINT('',(1.79776707006328,-0.410328602215444,4.89716793887152));
#2710=CARTESIAN_POINT('',(1.89142189587459,-1.15816188531002E-16,4.92395365315723));
#2711=CARTESIAN_POINT('',(1.79776707006328,0.410328602215444,4.95073936744295));
#2712=CARTESIAN_POINT('',(1.70411224425198,0.820657204430887,4.97752508172866));
#2713=CARTESIAN_POINT('',(1.44169725367105,1.1497151946275,5.00431079601438));
#2714=CARTESIAN_POINT('',(1.17928226309012,1.47877318482412,5.03109651030009));
#2715=CARTESIAN_POINT('',(0.800081614932777,1.66138659241206,5.05788222458581));
#2716=CARTESIAN_POINT('',(0.420880966775437,1.844,5.08466793887152));
#2717=CARTESIAN_POINT('',(2.25824869762772E-16,1.844,5.11145365315723));
#2718=CARTESIAN_POINT('',(-0.420880966775436,1.844,5.13823936744295));
#2719=CARTESIAN_POINT('',(-0.800081614932777,1.66138659241206,5.16502508172866));
#2720=CARTESIAN_POINT('',(-1.17928226309012,1.47877318482412,5.19181079601438));
#2721=CARTESIAN_POINT('',(-1.44169725367105,1.14971519462751,5.21859651030009));
#2722=CARTESIAN_POINT('',(-1.70411224425198,0.820657204430888,5.24538222458581));
#2723=CARTESIAN_POINT('',(-1.79776707006328,0.410328602215444,5.27216793887152));
#2724=CARTESIAN_POINT('',(-1.89142189587459,3.47448565593005E-16,5.29895365315723));
#2725=CARTESIAN_POINT('',(-1.79776707006328,-0.410328602215443,5.32573936744295));
#2726=CARTESIAN_POINT('',(-1.70411224425198,-0.820657204430887,5.35252508172866));
#2727=CARTESIAN_POINT('',(-1.44169725367105,-1.1497151946275,5.37931079601438));
#2728=CARTESIAN_POINT('',(-1.17928226309012,-1.47877318482412,5.40609651030009));
#2729=CARTESIAN_POINT('',(-0.800081614932778,-1.66138659241206,5.43288222458581));
#2730=CARTESIAN_POINT('',(-0.420880966775437,-1.844,5.45966793887152));
#2731=CARTESIAN_POINT('',(0.,-1.844,5.48645365315723));
#2732=CARTESIAN_POINT('',(0.420880966775437,-1.844,5.51323936744295));
#2733=CARTESIAN_POINT('',(0.800081614932777,-1.66138659241206,5.54002508172866));
#2734=CARTESIAN_POINT('',(1.17928226309012,-1.47877318482412,5.56681079601438));
#2735=CARTESIAN_POINT('',(1.44169725367105,-1.1497151946275,5.59359651030009));
#2736=CARTESIAN_POINT('',(1.70411224425198,-0.820657204430888,5.62038222458581));
#2737=CARTESIAN_POINT('',(1.79776707006328,-0.410328602215444,5.64716793887152));
#2738=CARTESIAN_POINT('',(1.89142189587459,-1.15816188531002E-16,5.67395365315724));
#2739=CARTESIAN_POINT('',(1.79776707006328,0.410328602215444,5.70073936744295));
#2740=CARTESIAN_POINT('',(1.70411224425198,0.820657204430887,5.72752508172866));
#2741=CARTESIAN_POINT('',(1.44169725367105,1.1497151946275,5.75431079601438));
#2742=CARTESIAN_POINT('',(1.17928226309012,1.47877318482412,5.78109651030009));
#2743=CARTESIAN_POINT('',(0.800081614932777,1.66138659241206,5.80788222458581));
#2744=CARTESIAN_POINT('',(0.420880966775437,1.844,5.83466793887152));
#2745=CARTESIAN_POINT('',(2.25824869762772E-16,1.844,5.86145365315723));
#2746=CARTESIAN_POINT('',(-0.420880966775436,1.844,5.88823936744295));
#2747=CARTESIAN_POINT('',(-0.800081614932777,1.66138659241206,5.91502508172866));
#2748=CARTESIAN_POINT('',(-1.17928226309012,1.47877318482412,5.94181079601438));
#2749=CARTESIAN_POINT('',(-1.44169725367105,1.14971519462751,5.96859651030009));
#2750=CARTESIAN_POINT('',(-1.70411224425198,0.820657204430888,5.99538222458581));
#2751=CARTESIAN_POINT('',(-1.79776707006328,0.410328602215444,6.02216793887152));
#2752=CARTESIAN_POINT('',(-1.89142189587459,3.47448565593005E-16,6.04895365315723));
#2753=CARTESIAN_POINT('',(-1.79776707006328,-0.410328602215443,6.07573936744295));
#2754=CARTESIAN_POINT('',(-1.70411224425198,-0.820657204430887,6.10252508172866));
#2755=CARTESIAN_POINT('',(-1.44169725367105,-1.1497151946275,6.12931079601438));
#2756=CARTESIAN_POINT('',(-1.17928226309012,-1.47877318482412,6.15609651030009));
#2757=CARTESIAN_POINT('',(-0.800081614932778,-1.66138659241206,6.18288222458581));
#2758=CARTESIAN_POINT('',(-0.420880966775437,-1.844,6.20966793887152));
#2759=CARTESIAN_POINT('',(0.,-1.844,6.23645365315723));
#2760=CARTESIAN_POINT('',(0.,0.,-0.117122217672405));
#2761=CARTESIAN_POINT('',(0.909404346893311,1.60415701658271,0.73747344929682));
#2762=CARTESIAN_POINT('',(0.855700936819891,1.63460173867594,0.74145342522306));
#2763=CARTESIAN_POINT('',(0.800081614932777,1.66138659241206,0.745382224585806));
#2764=CARTESIAN_POINT('',(0.420880966775437,1.844,0.772167938871521));
#2765=CARTESIAN_POINT('',(2.25824869762772E-16,1.844,0.798953653157235));
#2766=CARTESIAN_POINT('',(-0.420880966775436,1.844,0.825739367442949));
#2767=CARTESIAN_POINT('',(-0.800081614932777,1.66138659241206,0.852525081728663));
#2768=CARTESIAN_POINT('',(-1.17928226309012,1.47877318482412,0.879310796014378));
#2769=CARTESIAN_POINT('',(-1.44169725367105,1.14971519462751,0.906096510300092));
#2770=CARTESIAN_POINT('',(-1.70411224425198,0.820657204430888,0.932882224585806));
#2771=CARTESIAN_POINT('',(-1.79776707006328,0.410328602215444,0.959667938871521));
#2772=CARTESIAN_POINT('',(-1.89142189587459,3.47448565593005E-16,0.986453653157235));
#2773=CARTESIAN_POINT('',(-1.79776707006328,-0.410328602215443,1.01323936744295));
#2774=CARTESIAN_POINT('',(-1.70411224425198,-0.820657204430887,1.04002508172866));
#2775=CARTESIAN_POINT('',(-1.44169725367105,-1.1497151946275,1.06681079601438));
#2776=CARTESIAN_POINT('',(-1.17928226309012,-1.47877318482412,1.09359651030009));
#2777=CARTESIAN_POINT('',(-0.800081614932778,-1.66138659241206,1.12038222458581));
#2778=CARTESIAN_POINT('',(-0.420880966775437,-1.844,1.14716793887152));
#2779=CARTESIAN_POINT('',(0.,-1.844,1.17395365315723));
#2780=CARTESIAN_POINT('',(0.420880966775437,-1.844,1.20073936744295));
#2781=CARTESIAN_POINT('',(0.800081614932777,-1.66138659241206,1.22752508172866));
#2782=CARTESIAN_POINT('',(1.17928226309012,-1.47877318482412,1.25431079601438));
#2783=CARTESIAN_POINT('',(1.44169725367105,-1.1497151946275,1.28109651030009));
#2784=CARTESIAN_POINT('',(1.70411224425198,-0.820657204430888,1.30788222458581));
#2785=CARTESIAN_POINT('',(1.79776707006328,-0.410328602215444,1.33466793887152));
#2786=CARTESIAN_POINT('',(1.89142189587459,-1.15816188531002E-16,1.36145365315723));
#2787=CARTESIAN_POINT('',(1.79776707006328,0.410328602215444,1.38823936744295));
#2788=CARTESIAN_POINT('',(1.70411224425198,0.820657204430887,1.41502508172866));
#2789=CARTESIAN_POINT('',(1.44169725367105,1.1497151946275,1.44181079601438));
#2790=CARTESIAN_POINT('',(1.17928226309012,1.47877318482412,1.46859651030009));
#2791=CARTESIAN_POINT('',(0.800081614932777,1.66138659241206,1.49538222458581));
#2792=CARTESIAN_POINT('',(0.420880966775437,1.844,1.52216793887152));
#2793=CARTESIAN_POINT('',(2.25824869762772E-16,1.844,1.54895365315723));
#2794=CARTESIAN_POINT('',(-0.420880966775436,1.844,1.57573936744295));
#2795=CARTESIAN_POINT('',(-0.800081614932777,1.66138659241206,1.60252508172866));
#2796=CARTESIAN_POINT('',(-1.17928226309012,1.47877318482412,1.62931079601438));
#2797=CARTESIAN_POINT('',(-1.44169725367105,1.14971519462751,1.65609651030009));
#2798=CARTESIAN_POINT('',(-1.70411224425198,0.820657204430888,1.68288222458581));
#2799=CARTESIAN_POINT('',(-1.79776707006328,0.410328602215444,1.70966793887152));
#2800=CARTESIAN_POINT('',(-1.89142189587459,3.47448565593005E-16,1.73645365315723));
#2801=CARTESIAN_POINT('',(-1.79776707006328,-0.410328602215443,1.76323936744295));
#2802=CARTESIAN_POINT('',(-1.70411224425198,-0.820657204430887,1.79002508172866));
#2803=CARTESIAN_POINT('',(-1.44169725367105,-1.1497151946275,1.81681079601438));
#2804=CARTESIAN_POINT('',(-1.17928226309012,-1.47877318482412,1.84359651030009));
#2805=CARTESIAN_POINT('',(-0.800081614932778,-1.66138659241206,1.87038222458581));
#2806=CARTESIAN_POINT('',(-0.420880966775437,-1.844,1.89716793887152));
#2807=CARTESIAN_POINT('',(0.,-1.844,1.92395365315723));
#2808=CARTESIAN_POINT('',(0.420880966775437,-1.844,1.95073936744295));
#2809=CARTESIAN_POINT('',(0.800081614932777,-1.66138659241206,1.97752508172866));
#2810=CARTESIAN_POINT('',(1.17928226309012,-1.47877318482412,2.00431079601438));
#2811=CARTESIAN_POINT('',(1.44169725367105,-1.1497151946275,2.03109651030009));
#2812=CARTESIAN_POINT('',(1.70411224425198,-0.820657204430888,2.05788222458581));
#2813=CARTESIAN_POINT('',(1.79776707006328,-0.410328602215444,2.08466793887152));
#2814=CARTESIAN_POINT('',(1.89142189587459,-1.15816188531002E-16,2.11145365315723));
#2815=CARTESIAN_POINT('',(1.79776707006328,0.410328602215444,2.13823936744295));
#2816=CARTESIAN_POINT('',(1.70411224425198,0.820657204430887,2.16502508172866));
#2817=CARTESIAN_POINT('',(1.44169725367105,1.1497151946275,2.19181079601438));
#2818=CARTESIAN_POINT('',(1.17928226309012,1.47877318482412,2.21859651030009));
#2819=CARTESIAN_POINT('',(0.800081614932777,1.66138659241206,2.24538222458581));
#2820=CARTESIAN_POINT('',(0.420880966775437,1.844,2.27216793887152));
#2821=CARTESIAN_POINT('',(2.25824869762772E-16,1.844,2.29895365315723));
#2822=CARTESIAN_POINT('',(-0.420880966775436,1.844,2.32573936744295));
#2823=CARTESIAN_POINT('',(-0.800081614932777,1.66138659241206,2.35252508172866));
#2824=CARTESIAN_POINT('',(-1.17928226309012,1.47877318482412,2.37931079601438));
#2825=CARTESIAN_POINT('',(-1.44169725367105,1.14971519462751,2.40609651030009));
#2826=CARTESIAN_POINT('',(-1.70411224425198,0.820657204430888,2.43288222458581));
#2827=CARTESIAN_POINT('',(-1.79776707006328,0.410328602215444,2.45966793887152));
#2828=CARTESIAN_POINT('',(-1.89142189587459,3.47448565593005E-16,2.48645365315723));
#2829=CARTESIAN_POINT('',(-1.79776707006328,-0.410328602215443,2.51323936744295));
#2830=CARTESIAN_POINT('',(-1.70411224425198,-0.820657204430887,2.54002508172866));
#2831=CARTESIAN_POINT('',(-1.44169725367105,-1.1497151946275,2.56681079601438));
#2832=CARTESIAN_POINT('',(-1.17928226309012,-1.47877318482412,2.59359651030009));
#2833=CARTESIAN_POINT('',(-0.800081614932778,-1.66138659241206,2.62038222458581));
#2834=CARTESIAN_POINT('',(-0.420880966775437,-1.844,2.64716793887152));
#2835=CARTESIAN_POINT('',(0.,-1.844,2.67395365315723));
#2836=CARTESIAN_POINT('',(0.420880966775437,-1.844,2.70073936744295));
#2837=CARTESIAN_POINT('',(0.800081614932777,-1.66138659241206,2.72752508172866));
#2838=CARTESIAN_POINT('',(1.17928226309012,-1.47877318482412,2.75431079601438));
#2839=CARTESIAN_POINT('',(1.44169725367105,-1.1497151946275,2.78109651030009));
#2840=CARTESIAN_POINT('',(1.70411224425198,-0.820657204430888,2.80788222458581));
#2841=CARTESIAN_POINT('',(1.79776707006328,-0.410328602215444,2.83466793887152));
#2842=CARTESIAN_POINT('',(1.89142189587459,-1.15816188531002E-16,2.86145365315723));
#2843=CARTESIAN_POINT('',(1.79776707006328,0.410328602215444,2.88823936744295));
#2844=CARTESIAN_POINT('',(1.70411224425198,0.820657204430887,2.91502508172866));
#2845=CARTESIAN_POINT('',(1.44169725367105,1.1497151946275,2.94181079601438));
#2846=CARTESIAN_POINT('',(1.17928226309012,1.47877318482412,2.96859651030009));
#2847=CARTESIAN_POINT('',(0.800081614932777,1.66138659241206,2.99538222458581));
#2848=CARTESIAN_POINT('',(0.420880966775437,1.844,3.02216793887152));
#2849=CARTESIAN_POINT('',(2.25824869762772E-16,1.844,3.04895365315723));
#2850=CARTESIAN_POINT('',(-0.420880966775436,1.844,3.07573936744295));
#2851=CARTESIAN_POINT('',(-0.800081614932777,1.66138659241206,3.10252508172866));
#2852=CARTESIAN_POINT('',(-1.17928226309012,1.47877318482412,3.12931079601438));
#2853=CARTESIAN_POINT('',(-1.44169725367105,1.14971519462751,3.15609651030009));
#2854=CARTESIAN_POINT('',(-1.70411224425198,0.820657204430888,3.18288222458581));
#2855=CARTESIAN_POINT('',(-1.79776707006328,0.410328602215444,3.20966793887152));
#2856=CARTESIAN_POINT('',(-1.85013108145782,0.180906878179542,3.22464428884513));
#2857=CARTESIAN_POINT('',(-1.84319996864569,-0.054312757106541,3.23999911887927));
#2858=CARTESIAN_POINT('',(1.10960616699947,1.9573059272439,0.97184844929682));
#2859=CARTESIAN_POINT('',(1.04408016065264,1.99445293616533,0.97582842522306));
#2860=CARTESIAN_POINT('',(0.976216461978771,2.02713437098506,0.979757224585806));
#2861=CARTESIAN_POINT('',(0.513536270089449,2.24994940802396,1.00654293887152));
#2862=CARTESIAN_POINT('',(2.75539334078002E-16,2.24994940802396,1.03332865315723));
#2863=CARTESIAN_POINT('',(-0.513536270089448,2.24994940802396,1.06011436744295));
#2864=CARTESIAN_POINT('',(-0.97621646197877,2.02713437098506,1.08690008172866));
#2865=CARTESIAN_POINT('',(-1.43889665386809,1.80431933394617,1.11368579601438));
#2866=CARTESIAN_POINT('',(-1.75908128115344,1.40282051060103,1.14047151030009));
#2867=CARTESIAN_POINT('',(-2.07926590843878,1.0013216872559,1.16725722458581));
#2868=CARTESIAN_POINT('',(-2.19353847887953,0.500660843627948,1.19404293887152));
#2869=CARTESIAN_POINT('',(-2.30781104932027,4.23938012188045E-16,1.22082865315723));
#2870=CARTESIAN_POINT('',(-2.19353847887953,-0.500660843627947,1.24761436744295));
#2871=CARTESIAN_POINT('',(-2.07926590843878,-1.00132168725589,1.27440008172866));
#2872=CARTESIAN_POINT('',(-1.75908128115344,-1.40282051060103,1.30118579601438));
#2873=CARTESIAN_POINT('',(-1.43889665386809,-1.80431933394617,1.32797151030009));
#2874=CARTESIAN_POINT('',(-0.976216461978771,-2.02713437098506,1.35475722458581));
#2875=CARTESIAN_POINT('',(-0.513536270089449,-2.24994940802396,1.38154293887152));
#2876=CARTESIAN_POINT('',(0.,-2.24994940802396,1.40832865315723));
#2877=CARTESIAN_POINT('',(0.513536270089449,-2.24994940802396,1.43511436744295));
#2878=CARTESIAN_POINT('',(0.97621646197877,-2.02713437098506,1.46190008172866));
#2879=CARTESIAN_POINT('',(1.43889665386809,-1.80431933394617,1.48868579601438));
#2880=CARTESIAN_POINT('',(1.75908128115344,-1.40282051060103,1.51547151030009));
#2881=CARTESIAN_POINT('',(2.07926590843878,-1.00132168725589,1.54225722458581));
#2882=CARTESIAN_POINT('',(2.19353847887953,-0.500660843627948,1.56904293887152));
#2883=CARTESIAN_POINT('',(2.30781104932027,-1.41312670729348E-16,1.59582865315723));
#2884=CARTESIAN_POINT('',(2.19353847887953,0.500660843627947,1.62261436744295));
#2885=CARTESIAN_POINT('',(2.07926590843878,1.00132168725589,1.64940008172866));
#2886=CARTESIAN_POINT('',(1.75908128115344,1.40282051060103,1.67618579601438));
#2887=CARTESIAN_POINT('',(1.43889665386809,1.80431933394617,1.70297151030009));
#2888=CARTESIAN_POINT('',(0.976216461978771,2.02713437098506,1.72975722458581));
#2889=CARTESIAN_POINT('',(0.513536270089449,2.24994940802396,1.75654293887152));
#2890=CARTESIAN_POINT('',(2.75539334078002E-16,2.24994940802396,1.78332865315723));
#2891=CARTESIAN_POINT('',(-0.513536270089448,2.24994940802396,1.81011436744295));
#2892=CARTESIAN_POINT('',(-0.97621646197877,2.02713437098506,1.83690008172866));
#2893=CARTESIAN_POINT('',(-1.43889665386809,1.80431933394617,1.86368579601438));
#2894=CARTESIAN_POINT('',(-1.75908128115344,1.40282051060103,1.89047151030009));
#2895=CARTESIAN_POINT('',(-2.07926590843878,1.0013216872559,1.91725722458581));
#2896=CARTESIAN_POINT('',(-2.19353847887953,0.500660843627948,1.94404293887152));
#2897=CARTESIAN_POINT('',(-2.30781104932027,4.23938012188045E-16,1.97082865315723));
#2898=CARTESIAN_POINT('',(-2.19353847887953,-0.500660843627947,1.99761436744295));
#2899=CARTESIAN_POINT('',(-2.07926590843878,-1.00132168725589,2.02440008172866));
#2900=CARTESIAN_POINT('',(-1.75908128115344,-1.40282051060103,2.05118579601438));
#2901=CARTESIAN_POINT('',(-1.43889665386809,-1.80431933394617,2.07797151030009));
#2902=CARTESIAN_POINT('',(-0.976216461978771,-2.02713437098506,2.10475722458581));
#2903=CARTESIAN_POINT('',(-0.513536270089449,-2.24994940802396,2.13154293887152));
#2904=CARTESIAN_POINT('',(0.,-2.24994940802396,2.15832865315723));
#2905=CARTESIAN_POINT('',(0.513536270089449,-2.24994940802396,2.18511436744295));
#2906=CARTESIAN_POINT('',(0.97621646197877,-2.02713437098506,2.21190008172866));
#2907=CARTESIAN_POINT('',(1.43889665386809,-1.80431933394617,2.23868579601438));
#2908=CARTESIAN_POINT('',(1.75908128115344,-1.40282051060103,2.26547151030009));
#2909=CARTESIAN_POINT('',(2.07926590843878,-1.00132168725589,2.29225722458581));
#2910=CARTESIAN_POINT('',(2.19353847887953,-0.500660843627948,2.31904293887152));
#2911=CARTESIAN_POINT('',(2.30781104932027,-1.41312670729348E-16,2.34582865315724));
#2912=CARTESIAN_POINT('',(2.19353847887953,0.500660843627947,2.37261436744295));
#2913=CARTESIAN_POINT('',(2.07926590843878,1.00132168725589,2.39940008172866));
#2914=CARTESIAN_POINT('',(1.75908128115344,1.40282051060103,2.42618579601438));
#2915=CARTESIAN_POINT('',(1.43889665386809,1.80431933394617,2.45297151030009));
#2916=CARTESIAN_POINT('',(0.976216461978771,2.02713437098506,2.47975722458581));
#2917=CARTESIAN_POINT('',(0.513536270089449,2.24994940802396,2.50654293887152));
#2918=CARTESIAN_POINT('',(2.75539334078002E-16,2.24994940802396,2.53332865315723));
#2919=CARTESIAN_POINT('',(-0.513536270089448,2.24994940802396,2.56011436744295));
#2920=CARTESIAN_POINT('',(-0.97621646197877,2.02713437098506,2.58690008172866));
#2921=CARTESIAN_POINT('',(-1.43889665386809,1.80431933394617,2.61368579601438));
#2922=CARTESIAN_POINT('',(-1.75908128115344,1.40282051060103,2.64047151030009));
#2923=CARTESIAN_POINT('',(-2.07926590843878,1.0013216872559,2.66725722458581));
#2924=CARTESIAN_POINT('',(-2.19353847887953,0.500660843627948,2.69404293887152));
#2925=CARTESIAN_POINT('',(-2.30781104932027,4.23938012188045E-16,2.72082865315723));
#2926=CARTESIAN_POINT('',(-2.19353847887953,-0.500660843627947,2.74761436744295));
#2927=CARTESIAN_POINT('',(-2.07926590843878,-1.00132168725589,2.77440008172866));
#2928=CARTESIAN_POINT('',(-1.75908128115344,-1.40282051060103,2.80118579601438));
#2929=CARTESIAN_POINT('',(-1.43889665386809,-1.80431933394617,2.82797151030009));
#2930=CARTESIAN_POINT('',(-0.976216461978771,-2.02713437098506,2.85475722458581));
#2931=CARTESIAN_POINT('',(-0.513536270089449,-2.24994940802396,2.88154293887152));
#2932=CARTESIAN_POINT('',(0.,-2.24994940802396,2.90832865315723));
#2933=CARTESIAN_POINT('',(0.513536270089449,-2.24994940802396,2.93511436744295));
#2934=CARTESIAN_POINT('',(0.97621646197877,-2.02713437098506,2.96190008172866));
#2935=CARTESIAN_POINT('',(1.43889665386809,-1.80431933394617,2.98868579601438));
#2936=CARTESIAN_POINT('',(1.75908128115344,-1.40282051060103,3.01547151030009));
#2937=CARTESIAN_POINT('',(2.07926590843878,-1.00132168725589,3.04225722458581));
#2938=CARTESIAN_POINT('',(2.19353847887953,-0.500660843627948,3.06904293887152));
#2939=CARTESIAN_POINT('',(2.30781104932027,-1.41312670729348E-16,3.09582865315723));
#2940=CARTESIAN_POINT('',(2.19353847887953,0.500660843627947,3.12261436744295));
#2941=CARTESIAN_POINT('',(2.07926590843878,1.00132168725589,3.14940008172866));
#2942=CARTESIAN_POINT('',(1.75908128115344,1.40282051060103,3.17618579601438));
#2943=CARTESIAN_POINT('',(1.43889665386809,1.80431933394617,3.20297151030009));
#2944=CARTESIAN_POINT('',(0.976216461978771,2.02713437098506,3.22975722458581));
#2945=CARTESIAN_POINT('',(0.513536270089449,2.24994940802396,3.25654293887152));
#2946=CARTESIAN_POINT('',(2.75539334078002E-16,2.24994940802396,3.28332865315723));
#2947=CARTESIAN_POINT('',(-0.513536270089448,2.24994940802396,3.31011436744295));
#2948=CARTESIAN_POINT('',(-0.97621646197877,2.02713437098506,3.33690008172866));
#2949=CARTESIAN_POINT('',(-1.43889665386809,1.80431933394617,3.36368579601438));
#2950=CARTESIAN_POINT('',(-1.75908128115344,1.40282051060103,3.39047151030009));
#2951=CARTESIAN_POINT('',(-2.07926590843878,1.0013216872559,3.41725722458581));
#2952=CARTESIAN_POINT('',(-2.19353847887953,0.500660843627948,3.44404293887152));
#2953=CARTESIAN_POINT('',(-2.25743022315224,0.220732821837051,3.45901928884513));
#2954=CARTESIAN_POINT('',(-2.24897325288728,-0.0662694987527174,3.47437411887927));
#2955=CARTESIAN_POINT('',(0.,-2.24994940802396,0.658328653157235));
#2956=CARTESIAN_POINT('',(0.513536270089449,-2.24994940802396,0.685114367442949));
#2957=CARTESIAN_POINT('',(0.97621646197877,-2.02713437098506,0.711900081728663));
#2958=CARTESIAN_POINT('',(1.43889665386809,-1.80431933394617,0.738685796014378));
#2959=CARTESIAN_POINT('',(1.75908128115344,-1.40282051060103,0.765471510300092));
#2960=CARTESIAN_POINT('',(2.07926590843878,-1.00132168725589,0.792257224585806));
#2961=CARTESIAN_POINT('',(2.19353847887953,-0.500660843627948,0.819042938871521));
#2962=CARTESIAN_POINT('',(2.30781104932027,-1.41312670729348E-16,0.845828653157235));
#2963=CARTESIAN_POINT('',(2.19353847887953,0.500660843627947,0.872614367442949));
#2964=CARTESIAN_POINT('',(2.07926590843878,1.00132168725589,0.899400081728663));
#2965=CARTESIAN_POINT('',(1.75908128115344,1.40282051060103,0.926185796014378));
#2966=CARTESIAN_POINT('',(1.43889665386809,1.80431933394617,0.952971510300092));
#2967=CARTESIAN_POINT('',(0.976216461978771,2.02713437098506,0.979757224585806));
#2968=CARTESIAN_POINT('',(0.513536270089449,2.24994940802396,1.00654293887152));
#2969=CARTESIAN_POINT('',(2.75539334078002E-16,2.24994940802396,1.03332865315723));
#2970=CARTESIAN_POINT('',(-0.513536270089448,2.24994940802396,1.06011436744295));
#2971=CARTESIAN_POINT('',(-0.97621646197877,2.02713437098506,1.08690008172866));
#2972=CARTESIAN_POINT('',(-1.43889665386809,1.80431933394617,1.11368579601438));
#2973=CARTESIAN_POINT('',(-1.75908128115344,1.40282051060103,1.14047151030009));
#2974=CARTESIAN_POINT('',(-2.07926590843878,1.0013216872559,1.16725722458581));
#2975=CARTESIAN_POINT('',(-2.19353847887953,0.500660843627948,1.19404293887152));
#2976=CARTESIAN_POINT('',(-2.30781104932027,4.23938012188045E-16,1.22082865315723));
#2977=CARTESIAN_POINT('',(-2.19353847887953,-0.500660843627947,1.24761436744295));
#2978=CARTESIAN_POINT('',(-2.07926590843878,-1.00132168725589,1.27440008172866));
#2979=CARTESIAN_POINT('',(-1.75908128115344,-1.40282051060103,1.30118579601438));
#2980=CARTESIAN_POINT('',(-1.43889665386809,-1.80431933394617,1.32797151030009));
#2981=CARTESIAN_POINT('',(-0.976216461978771,-2.02713437098506,1.35475722458581));
#2982=CARTESIAN_POINT('',(-0.513536270089449,-2.24994940802396,1.38154293887152));
#2983=CARTESIAN_POINT('',(-5.51078668156004E-16,-2.24994940802396,1.40832865315723));
#2984=CARTESIAN_POINT('',(0.513536270089448,-2.24994940802396,1.43511436744295));
#2985=CARTESIAN_POINT('',(0.97621646197877,-2.02713437098506,1.46190008172866));
#2986=CARTESIAN_POINT('',(1.43889665386809,-1.80431933394617,1.48868579601438));
#2987=CARTESIAN_POINT('',(1.75908128115344,-1.40282051060103,1.51547151030009));
#2988=CARTESIAN_POINT('',(2.07926590843878,-1.0013216872559,1.54225722458581));
#2989=CARTESIAN_POINT('',(2.19353847887953,-0.500660843627948,1.56904293887152));
#2990=CARTESIAN_POINT('',(2.30781104932027,-7.06563353646741E-16,1.59582865315723));
#2991=CARTESIAN_POINT('',(2.19353847887953,0.500660843627947,1.62261436744295));
#2992=CARTESIAN_POINT('',(2.07926590843878,1.00132168725589,1.64940008172866));
#2993=CARTESIAN_POINT('',(1.75908128115344,1.40282051060103,1.67618579601438));
#2994=CARTESIAN_POINT('',(1.43889665386809,1.80431933394617,1.70297151030009));
#2995=CARTESIAN_POINT('',(0.976216461978771,2.02713437098506,1.72975722458581));
#2996=CARTESIAN_POINT('',(0.51353627008945,2.24994940802396,1.75654293887152));
#2997=CARTESIAN_POINT('',(8.26618002234006E-16,2.24994940802396,1.78332865315723));
#2998=CARTESIAN_POINT('',(-0.513536270089448,2.24994940802396,1.81011436744295));
#2999=CARTESIAN_POINT('',(-0.97621646197877,2.02713437098506,1.83690008172866));
#3000=CARTESIAN_POINT('',(-1.43889665386809,1.80431933394617,1.86368579601438));
#3001=CARTESIAN_POINT('',(-1.75908128115344,1.40282051060103,1.89047151030009));
#3002=CARTESIAN_POINT('',(-2.07926590843878,1.0013216872559,1.91725722458581));
#3003=CARTESIAN_POINT('',(-2.19353847887953,0.500660843627948,1.94404293887152));
#3004=CARTESIAN_POINT('',(-2.30781104932027,9.89188695105438E-16,1.97082865315723));
#3005=CARTESIAN_POINT('',(-2.19353847887953,-0.500660843627946,1.99761436744295));
#3006=CARTESIAN_POINT('',(-2.07926590843878,-1.00132168725589,2.02440008172866));
#3007=CARTESIAN_POINT('',(-1.75908128115344,-1.40282051060103,2.05118579601438));
#3008=CARTESIAN_POINT('',(-1.43889665386809,-1.80431933394617,2.07797151030009));
#3009=CARTESIAN_POINT('',(-0.976216461978771,-2.02713437098506,2.10475722458581));
#3010=CARTESIAN_POINT('',(-0.51353627008945,-2.24994940802396,2.13154293887152));
#3011=CARTESIAN_POINT('',(-1.10215733631201E-15,-2.24994940802396,2.15832865315723));
#3012=CARTESIAN_POINT('',(0.513536270089448,-2.24994940802396,2.18511436744295));
#3013=CARTESIAN_POINT('',(0.97621646197877,-2.02713437098506,2.21190008172866));
#3014=CARTESIAN_POINT('',(1.43889665386809,-1.80431933394617,2.23868579601438));
#3015=CARTESIAN_POINT('',(1.75908128115343,-1.40282051060103,2.26547151030009));
#3016=CARTESIAN_POINT('',(2.07926590843878,-1.0013216872559,2.29225722458581));
#3017=CARTESIAN_POINT('',(2.19353847887953,-0.500660843627948,2.31904293887152));
#3018=CARTESIAN_POINT('',(2.30781104932027,-1.27181403656413E-15,2.34582865315724));
#3019=CARTESIAN_POINT('',(2.19353847887953,0.500660843627946,2.37261436744295));
#3020=CARTESIAN_POINT('',(2.07926590843878,1.00132168725589,2.39940008172866));
#3021=CARTESIAN_POINT('',(1.75908128115344,1.40282051060103,2.42618579601438));
#3022=CARTESIAN_POINT('',(1.43889665386809,1.80431933394617,2.45297151030009));
#3023=CARTESIAN_POINT('',(0.976216461978772,2.02713437098506,2.47975722458581));
#3024=CARTESIAN_POINT('',(0.51353627008945,2.24994940802396,2.50654293887152));
#3025=CARTESIAN_POINT('',(1.37769667039001E-15,2.24994940802396,2.53332865315723));
#3026=CARTESIAN_POINT('',(-0.513536270089447,2.24994940802396,2.56011436744295));
#3027=CARTESIAN_POINT('',(-0.976216461978769,2.02713437098506,2.58690008172866));
#3028=CARTESIAN_POINT('',(-1.43889665386809,1.80431933394617,2.61368579601438));
#3029=CARTESIAN_POINT('',(-1.75908128115343,1.40282051060103,2.64047151030009));
#3030=CARTESIAN_POINT('',(-2.07926590843878,1.00132168725589,2.66725722458581));
#3031=CARTESIAN_POINT('',(-2.19353847887953,0.500660843627949,2.69404293887152));
#3032=CARTESIAN_POINT('',(-2.30781104932027,5.65393531952636E-15,2.72082865315723));
#3033=CARTESIAN_POINT('',(-2.19353847887953,-0.500660843627946,2.74761436744295));
#3034=CARTESIAN_POINT('',(-2.07926590843878,-1.0013216872559,2.77440008172866));
#3035=CARTESIAN_POINT('',(-1.75908128115344,-1.40282051060103,2.80118579601438));
#3036=CARTESIAN_POINT('',(-1.4388966538681,-1.80431933394616,2.82797151030009));
#3037=CARTESIAN_POINT('',(-0.976216461978772,-2.02713437098506,2.85475722458581));
#3038=CARTESIAN_POINT('',(-0.513536270089446,-2.24994940802396,2.88154293887152));
#3039=CARTESIAN_POINT('',(-1.65323600446801E-15,-2.24994940802396,2.90832865315723));
#3040=CARTESIAN_POINT('',(0.513536270089443,-2.24994940802396,2.93511436744295));
#3041=CARTESIAN_POINT('',(0.976216461978769,-2.02713437098506,2.96190008172866));
#3042=CARTESIAN_POINT('',(1.43889665386809,-1.80431933394617,2.98868579601438));
#3043=CARTESIAN_POINT('',(1.75908128115343,-1.40282051060103,3.01547151030009));
#3044=CARTESIAN_POINT('',(2.07926590843878,-1.0013216872559,3.04225722458581));
#3045=CARTESIAN_POINT('',(2.19353847887953,-0.500660843627949,3.06904293887152));
#3046=CARTESIAN_POINT('',(2.30781104932027,2.26243122202201E-15,3.09582865315723));
#3047=CARTESIAN_POINT('',(2.19353847887953,0.500660843627946,3.12261436744295));
#3048=CARTESIAN_POINT('',(2.07926590843878,1.00132168725589,3.14940008172866));
#3049=CARTESIAN_POINT('',(1.75908128115344,1.40282051060103,3.17618579601438));
#3050=CARTESIAN_POINT('',(1.43889665386809,1.80431933394617,3.20297151030009));
#3051=CARTESIAN_POINT('',(0.976216461978772,2.02713437098506,3.22975722458581));
#3052=CARTESIAN_POINT('',(0.513536270089455,2.24994940802395,3.25654293887152));
#3053=CARTESIAN_POINT('',(1.92877533854601E-15,2.24994940802396,3.28332865315723));
#3054=CARTESIAN_POINT('',(-0.513536270089451,2.24994940802396,3.31011436744295));
#3055=CARTESIAN_POINT('',(-0.976216461978769,2.02713437098506,3.33690008172866));
#3056=CARTESIAN_POINT('',(-1.43889665386809,1.80431933394617,3.36368579601438));
#3057=CARTESIAN_POINT('',(-1.75908128115343,1.40282051060103,3.39047151030009));
#3058=CARTESIAN_POINT('',(-2.07926590843878,1.00132168725589,3.41725722458581));
#3059=CARTESIAN_POINT('',(-2.19353847887953,0.500660843627949,3.44404293887152));
#3060=CARTESIAN_POINT('',(-2.30781104932027,6.21918600244376E-15,3.47082865315724));
#3061=CARTESIAN_POINT('',(-2.19353847887953,-0.500660843627945,3.49761436744295));
#3062=CARTESIAN_POINT('',(-2.07926590843878,-1.0013216872559,3.52440008172866));
#3063=CARTESIAN_POINT('',(-1.75908128115344,-1.40282051060103,3.55118579601438));
#3064=CARTESIAN_POINT('',(-1.4388966538681,-1.80431933394616,3.57797151030009));
#3065=CARTESIAN_POINT('',(-0.976216461978772,-2.02713437098506,3.60475722458581));
#3066=CARTESIAN_POINT('',(-0.513536270089447,-2.24994940802396,3.63154293887152));
#3067=CARTESIAN_POINT('',(-2.20431467262402E-15,-2.24994940802396,3.65832865315723));
#3068=CARTESIAN_POINT('',(0.513536270089443,-2.24994940802396,3.68511436744295));
#3069=CARTESIAN_POINT('',(0.976216461978768,-2.02713437098506,3.71190008172866));
#3070=CARTESIAN_POINT('',(1.43889665386809,-1.80431933394617,3.73868579601438));
#3071=CARTESIAN_POINT('',(1.75908128115343,-1.40282051060103,3.76547151030009));
#3072=CARTESIAN_POINT('',(2.07926590843878,-1.0013216872559,3.79225722458581));
#3073=CARTESIAN_POINT('',(2.19353847887953,-0.50066084362795,3.81904293887152));
#3074=CARTESIAN_POINT('',(2.30781104932027,1.69718053910461E-15,3.84582865315723));
#3075=CARTESIAN_POINT('',(2.19353847887953,0.500660843627945,3.87261436744295));
#3076=CARTESIAN_POINT('',(2.07926590843878,1.00132168725589,3.89940008172866));
#3077=CARTESIAN_POINT('',(1.75908128115344,1.40282051060103,3.92618579601438));
#3078=CARTESIAN_POINT('',(1.43889665386809,1.80431933394617,3.95297151030009));
#3079=CARTESIAN_POINT('',(0.976216461978773,2.02713437098506,3.97975722458581));
#3080=CARTESIAN_POINT('',(0.513536270089455,2.24994940802395,4.00654293887152));
#3081=CARTESIAN_POINT('',(2.47985400670202E-15,2.24994940802396,4.03332865315723));
#3082=CARTESIAN_POINT('',(-0.51353627008945,2.24994940802396,4.06011436744295));
#3083=CARTESIAN_POINT('',(-0.976216461978768,2.02713437098506,4.08690008172866));
#3084=CARTESIAN_POINT('',(-1.43889665386809,1.80431933394617,4.11368579601438));
#3085=CARTESIAN_POINT('',(-1.75908128115343,1.40282051060103,4.14047151030009));
#3086=CARTESIAN_POINT('',(-2.07926590843878,1.00132168725589,4.16725722458581));
#3087=CARTESIAN_POINT('',(-2.19353847887953,0.50066084362795,4.19404293887152));
#3088=CARTESIAN_POINT('',(-2.30781104932027,6.78443668536115E-15,4.22082865315723));
#3089=CARTESIAN_POINT('',(-2.19353847887953,-0.500660843627945,4.24761436744295));
#3090=CARTESIAN_POINT('',(-2.07926590843878,-1.0013216872559,4.27440008172866));
#3091=CARTESIAN_POINT('',(-1.75908128115344,-1.40282051060103,4.30118579601438));
#3092=CARTESIAN_POINT('',(-1.4388966538681,-1.80431933394616,4.32797151030009));
#3093=CARTESIAN_POINT('',(-0.976216461978773,-2.02713437098506,4.35475722458581));
#3094=CARTESIAN_POINT('',(-0.513536270089448,-2.24994940802396,4.38154293887152));
#3095=CARTESIAN_POINT('',(-2.75539334078002E-15,-2.24994940802396,4.40832865315723));
#3096=CARTESIAN_POINT('',(0.513536270089442,-2.24994940802396,4.43511436744295));
#3097=CARTESIAN_POINT('',(0.976216461978768,-2.02713437098506,4.46190008172866));
#3098=CARTESIAN_POINT('',(1.43889665386809,-1.80431933394617,4.48868579601438));
#3099=CARTESIAN_POINT('',(1.75908128115343,-1.40282051060103,4.51547151030009));
#3100=CARTESIAN_POINT('',(2.07926590843878,-1.0013216872559,4.54225722458581));
#3101=CARTESIAN_POINT('',(2.19353847887952,-0.500660843627958,4.56904293887152));
#3102=CARTESIAN_POINT('',(2.30781104932027,1.13192985618722E-15,4.59582865315723));
#3103=CARTESIAN_POINT('',(2.19353847887953,0.500660843627944,4.62261436744295));
#3104=CARTESIAN_POINT('',(2.07926590843878,1.00132168725589,4.64940008172866));
#3105=CARTESIAN_POINT('',(1.75908128115343,1.40282051060103,4.67618579601438));
#3106=CARTESIAN_POINT('',(1.43889665386809,1.80431933394617,4.70297151030009));
#3107=CARTESIAN_POINT('',(0.976216461978773,2.02713437098506,4.72975722458581));
#3108=CARTESIAN_POINT('',(0.513536270089456,2.24994940802395,4.75654293887152));
#3109=CARTESIAN_POINT('',(1.10243587133538E-14,2.24994940802396,4.78332865315723));
#3110=CARTESIAN_POINT('',(-0.51353627008945,2.24994940802396,4.81011436744295));
#3111=CARTESIAN_POINT('',(-0.976216461978768,2.02713437098506,4.83690008172866));
#3112=CARTESIAN_POINT('',(-1.43889665386809,1.80431933394617,4.86368579601438));
#3113=CARTESIAN_POINT('',(-1.75908128115344,1.40282051060103,4.89047151030009));
#3114=CARTESIAN_POINT('',(-2.07926590843878,1.00132168725589,4.91725722458581));
#3115=CARTESIAN_POINT('',(-2.19353847887952,0.50066084362795,4.94404293887152));
#3116=CARTESIAN_POINT('',(-2.30781104932027,7.34968736827854E-15,4.97082865315723));
#3117=CARTESIAN_POINT('',(-2.19353847887953,-0.500660843627937,4.99761436744295));
#3118=CARTESIAN_POINT('',(-2.07926590843878,-1.0013216872559,5.02440008172866));
#3119=CARTESIAN_POINT('',(-1.75908128115344,-1.40282051060103,5.05118579601438));
#3120=CARTESIAN_POINT('',(-1.4388966538681,-1.80431933394616,5.07797151030009));
#3121=CARTESIAN_POINT('',(-0.976216461978766,-2.02713437098506,5.10475722458581));
#3122=CARTESIAN_POINT('',(-0.513536270089448,-2.24994940802396,5.13154293887152));
#3123=CARTESIAN_POINT('',(-3.30647200893602E-15,-2.24994940802396,5.15832865315723));
#3124=CARTESIAN_POINT('',(0.513536270089441,-2.24994940802396,5.18511436744295));
#3125=CARTESIAN_POINT('',(0.97621646197876,-2.02713437098507,5.21190008172866));
#3126=CARTESIAN_POINT('',(1.43889665386809,-1.80431933394617,5.23868579601438));
#3127=CARTESIAN_POINT('',(1.75908128115343,-1.40282051060103,5.26547151030009));
#3128=CARTESIAN_POINT('',(2.07926590843878,-1.0013216872559,5.29225722458581));
#3129=CARTESIAN_POINT('',(2.19353847887953,-0.500660843627943,5.31904293887152));
#3130=CARTESIAN_POINT('',(2.30781104932027,5.66679173269827E-16,5.34582865315723));
#3131=CARTESIAN_POINT('',(2.19353847887953,0.500660843627944,5.37261436744295));
#3132=CARTESIAN_POINT('',(2.07926590843878,1.00132168725589,5.39940008172866));
#3133=CARTESIAN_POINT('',(1.75908128115344,1.40282051060102,5.42618579601438));
#3134=CARTESIAN_POINT('',(1.43889665386809,1.80431933394617,5.45297151030009));
#3135=CARTESIAN_POINT('',(0.976216461978774,2.02713437098506,5.47975722458581));
#3136=CARTESIAN_POINT('',(0.513536270089456,2.24994940802395,5.50654293887152));
#3137=CARTESIAN_POINT('',(-4.41141469548177E-15,2.24994940802396,5.53332865315723));
#3138=CARTESIAN_POINT('',(-0.513536270089449,2.24994940802396,5.56011436744295));
#3139=CARTESIAN_POINT('',(-0.976216461978767,2.02713437098506,5.58690008172866));
#3140=CARTESIAN_POINT('',(-1.43889665386809,1.80431933394617,5.61368579601438));
#3141=CARTESIAN_POINT('',(-1.75908128115343,1.40282051060104,5.64047151030009));
#3142=CARTESIAN_POINT('',(-2.07926590843878,1.00132168725589,5.66725722458581));
#3143=CARTESIAN_POINT('',(-2.19353847887952,0.500660843627951,5.69404293887152));
#3144=CARTESIAN_POINT('',(-2.30781104932027,7.91493805119594E-15,5.72082865315723));
#3145=CARTESIAN_POINT('',(-2.19353847887952,-0.500660843627952,5.74761436744295));
#3146=CARTESIAN_POINT('',(-2.07926590843878,-1.0013216872559,5.77440008172866));
#3147=CARTESIAN_POINT('',(-1.75908128115344,-1.40282051060103,5.80118579601438));
#3148=CARTESIAN_POINT('',(-1.4388966538681,-1.80431933394616,5.82797151030009));
#3149=CARTESIAN_POINT('',(-0.976216461978781,-2.02713437098506,5.85475722458581));
#3150=CARTESIAN_POINT('',(-0.513536270089449,-2.24994940802396,5.88154293887152));
#3151=CARTESIAN_POINT('',(-3.85755067709203E-15,-2.24994940802396,5.90832865315723));
#3152=CARTESIAN_POINT('',(0.,0.,-0.513546346842765));
#3153=CARTESIAN_POINT('',(0.,-2.24994940802396,0.752078653157235));
#3154=CARTESIAN_POINT('',(0.513536270089449,-2.24994940802396,0.778864367442949));
#3155=CARTESIAN_POINT('',(0.97621646197877,-2.02713437098506,0.805650081728663));
#3156=CARTESIAN_POINT('',(1.43889665386809,-1.80431933394617,0.832435796014378));
#3157=CARTESIAN_POINT('',(1.75908128115344,-1.40282051060103,0.859221510300092));
#3158=CARTESIAN_POINT('',(2.07926590843878,-1.00132168725589,0.886007224585806));
#3159=CARTESIAN_POINT('',(2.19353847887953,-0.500660843627948,0.91279293887152));
#3160=CARTESIAN_POINT('',(2.30781104932027,-1.41312670729348E-16,0.939578653157235));
#3161=CARTESIAN_POINT('',(2.19353847887953,0.500660843627947,0.966364367442949));
#3162=CARTESIAN_POINT('',(2.07926590843878,1.00132168725589,0.993150081728663));
#3163=CARTESIAN_POINT('',(1.75908128115344,1.40282051060103,1.01993579601438));
#3164=CARTESIAN_POINT('',(1.43889665386809,1.80431933394617,1.04672151030009));
#3165=CARTESIAN_POINT('',(0.976216461978771,2.02713437098506,1.07350722458581));
#3166=CARTESIAN_POINT('',(0.513536270089449,2.24994940802396,1.10029293887152));
#3167=CARTESIAN_POINT('',(2.75539334078002E-16,2.24994940802396,1.12707865315723));
#3168=CARTESIAN_POINT('',(-0.513536270089448,2.24994940802396,1.15386436744295));
#3169=CARTESIAN_POINT('',(-0.97621646197877,2.02713437098506,1.18065008172866));
#3170=CARTESIAN_POINT('',(-1.43889665386809,1.80431933394617,1.20743579601438));
#3171=CARTESIAN_POINT('',(-1.75908128115344,1.40282051060103,1.23422151030009));
#3172=CARTESIAN_POINT('',(-2.07926590843878,1.0013216872559,1.26100722458581));
#3173=CARTESIAN_POINT('',(-2.19353847887953,0.500660843627948,1.28779293887152));
#3174=CARTESIAN_POINT('',(-2.30781104932027,4.23938012188045E-16,1.31457865315723));
#3175=CARTESIAN_POINT('',(-2.19353847887953,-0.500660843627947,1.34136436744295));
#3176=CARTESIAN_POINT('',(-2.07926590843878,-1.00132168725589,1.36815008172866));
#3177=CARTESIAN_POINT('',(-1.75908128115344,-1.40282051060103,1.39493579601438));
#3178=CARTESIAN_POINT('',(-1.43889665386809,-1.80431933394617,1.42172151030009));
#3179=CARTESIAN_POINT('',(-0.976216461978771,-2.02713437098506,1.44850722458581));
#3180=CARTESIAN_POINT('',(-0.513536270089449,-2.24994940802396,1.47529293887152));
#3181=CARTESIAN_POINT('',(-5.51078668156004E-16,-2.24994940802396,1.50207865315723));
#3182=CARTESIAN_POINT('',(0.513536270089448,-2.24994940802396,1.52886436744295));
#3183=CARTESIAN_POINT('',(0.97621646197877,-2.02713437098506,1.55565008172866));
#3184=CARTESIAN_POINT('',(1.43889665386809,-1.80431933394617,1.58243579601438));
#3185=CARTESIAN_POINT('',(1.75908128115344,-1.40282051060103,1.60922151030009));
#3186=CARTESIAN_POINT('',(2.07926590843878,-1.0013216872559,1.63600722458581));
#3187=CARTESIAN_POINT('',(2.19353847887953,-0.500660843627948,1.66279293887152));
#3188=CARTESIAN_POINT('',(2.30781104932027,-7.06563353646741E-16,1.68957865315723));
#3189=CARTESIAN_POINT('',(2.19353847887953,0.500660843627947,1.71636436744295));
#3190=CARTESIAN_POINT('',(2.07926590843878,1.00132168725589,1.74315008172866));
#3191=CARTESIAN_POINT('',(1.75908128115344,1.40282051060103,1.76993579601438));
#3192=CARTESIAN_POINT('',(1.43889665386809,1.80431933394617,1.79672151030009));
#3193=CARTESIAN_POINT('',(0.976216461978771,2.02713437098506,1.82350722458581));
#3194=CARTESIAN_POINT('',(0.51353627008945,2.24994940802396,1.85029293887152));
#3195=CARTESIAN_POINT('',(8.26618002234006E-16,2.24994940802396,1.87707865315723));
#3196=CARTESIAN_POINT('',(-0.513536270089448,2.24994940802396,1.90386436744295));
#3197=CARTESIAN_POINT('',(-0.97621646197877,2.02713437098506,1.93065008172866));
#3198=CARTESIAN_POINT('',(-1.43889665386809,1.80431933394617,1.95743579601438));
#3199=CARTESIAN_POINT('',(-1.75908128115344,1.40282051060103,1.98422151030009));
#3200=CARTESIAN_POINT('',(-2.07926590843878,1.0013216872559,2.01100722458581));
#3201=CARTESIAN_POINT('',(-2.19353847887953,0.500660843627948,2.03779293887152));
#3202=CARTESIAN_POINT('',(-2.30781104932027,9.89188695105438E-16,2.06457865315723));
#3203=CARTESIAN_POINT('',(-2.19353847887953,-0.500660843627946,2.09136436744295));
#3204=CARTESIAN_POINT('',(-2.07926590843878,-1.00132168725589,2.11815008172866));
#3205=CARTESIAN_POINT('',(-1.75908128115344,-1.40282051060103,2.14493579601438));
#3206=CARTESIAN_POINT('',(-1.43889665386809,-1.80431933394617,2.17172151030009));
#3207=CARTESIAN_POINT('',(-0.976216461978771,-2.02713437098506,2.19850722458581));
#3208=CARTESIAN_POINT('',(-0.51353627008945,-2.24994940802396,2.22529293887152));
#3209=CARTESIAN_POINT('',(-1.10215733631201E-15,-2.24994940802396,2.25207865315723));
#3210=CARTESIAN_POINT('',(0.513536270089448,-2.24994940802396,2.27886436744295));
#3211=CARTESIAN_POINT('',(0.97621646197877,-2.02713437098506,2.30565008172866));
#3212=CARTESIAN_POINT('',(1.43889665386809,-1.80431933394617,2.33243579601438));
#3213=CARTESIAN_POINT('',(1.75908128115343,-1.40282051060103,2.35922151030009));
#3214=CARTESIAN_POINT('',(2.07926590843878,-1.0013216872559,2.38600722458581));
#3215=CARTESIAN_POINT('',(2.19353847887953,-0.500660843627948,2.41279293887152));
#3216=CARTESIAN_POINT('',(2.30781104932027,-1.27181403656413E-15,2.43957865315723));
#3217=CARTESIAN_POINT('',(2.19353847887953,0.500660843627946,2.46636436744295));
#3218=CARTESIAN_POINT('',(2.07926590843878,1.00132168725589,2.49315008172866));
#3219=CARTESIAN_POINT('',(1.75908128115344,1.40282051060103,2.51993579601438));
#3220=CARTESIAN_POINT('',(1.43889665386809,1.80431933394617,2.54672151030009));
#3221=CARTESIAN_POINT('',(0.976216461978772,2.02713437098506,2.57350722458581));
#3222=CARTESIAN_POINT('',(0.51353627008945,2.24994940802396,2.60029293887152));
#3223=CARTESIAN_POINT('',(1.37769667039001E-15,2.24994940802396,2.62707865315723));
#3224=CARTESIAN_POINT('',(-0.513536270089447,2.24994940802396,2.65386436744295));
#3225=CARTESIAN_POINT('',(-0.976216461978769,2.02713437098506,2.68065008172866));
#3226=CARTESIAN_POINT('',(-1.43889665386809,1.80431933394617,2.70743579601438));
#3227=CARTESIAN_POINT('',(-1.75908128115343,1.40282051060103,2.73422151030009));
#3228=CARTESIAN_POINT('',(-2.07926590843878,1.00132168725589,2.76100722458581));
#3229=CARTESIAN_POINT('',(-2.19353847887953,0.500660843627949,2.78779293887152));
#3230=CARTESIAN_POINT('',(-2.30781104932027,5.65393531952636E-15,2.81457865315723));
#3231=CARTESIAN_POINT('',(-2.19353847887953,-0.500660843627946,2.84136436744295));
#3232=CARTESIAN_POINT('',(-2.07926590843878,-1.0013216872559,2.86815008172866));
#3233=CARTESIAN_POINT('',(-1.75908128115344,-1.40282051060103,2.89493579601438));
#3234=CARTESIAN_POINT('',(-1.4388966538681,-1.80431933394616,2.92172151030009));
#3235=CARTESIAN_POINT('',(-0.976216461978772,-2.02713437098506,2.94850722458581));
#3236=CARTESIAN_POINT('',(-0.513536270089446,-2.24994940802396,2.97529293887152));
#3237=CARTESIAN_POINT('',(-1.65323600446801E-15,-2.24994940802396,3.00207865315723));
#3238=CARTESIAN_POINT('',(0.513536270089443,-2.24994940802396,3.02886436744295));
#3239=CARTESIAN_POINT('',(0.976216461978769,-2.02713437098506,3.05565008172866));
#3240=CARTESIAN_POINT('',(1.43889665386809,-1.80431933394617,3.08243579601438));
#3241=CARTESIAN_POINT('',(1.75908128115343,-1.40282051060103,3.10922151030009));
#3242=CARTESIAN_POINT('',(2.07926590843878,-1.0013216872559,3.13600722458581));
#3243=CARTESIAN_POINT('',(2.19353847887953,-0.500660843627949,3.16279293887152));
#3244=CARTESIAN_POINT('',(2.30781104932027,2.26243122202201E-15,3.18957865315723));
#3245=CARTESIAN_POINT('',(2.19353847887953,0.500660843627946,3.21636436744295));
#3246=CARTESIAN_POINT('',(2.07926590843878,1.00132168725589,3.24315008172866));
#3247=CARTESIAN_POINT('',(1.75908128115344,1.40282051060103,3.26993579601438));
#3248=CARTESIAN_POINT('',(1.43889665386809,1.80431933394617,3.29672151030009));
#3249=CARTESIAN_POINT('',(0.976216461978772,2.02713437098506,3.32350722458581));
#3250=CARTESIAN_POINT('',(0.513536270089455,2.24994940802395,3.35029293887152));
#3251=CARTESIAN_POINT('',(1.92877533854601E-15,2.24994940802396,3.37707865315723));
#3252=CARTESIAN_POINT('',(-0.513536270089451,2.24994940802396,3.40386436744295));
#3253=CARTESIAN_POINT('',(-0.976216461978769,2.02713437098506,3.43065008172866));
#3254=CARTESIAN_POINT('',(-1.43889665386809,1.80431933394617,3.45743579601438));
#3255=CARTESIAN_POINT('',(-1.75908128115343,1.40282051060103,3.48422151030009));
#3256=CARTESIAN_POINT('',(-2.07926590843878,1.00132168725589,3.51100722458581));
#3257=CARTESIAN_POINT('',(-2.19353847887953,0.500660843627949,3.53779293887152));
#3258=CARTESIAN_POINT('',(-2.30781104932027,6.21918600244376E-15,3.56457865315723));
#3259=CARTESIAN_POINT('',(-2.19353847887953,-0.500660843627945,3.59136436744295));
#3260=CARTESIAN_POINT('',(-2.07926590843878,-1.0013216872559,3.61815008172866));
#3261=CARTESIAN_POINT('',(-1.75908128115344,-1.40282051060103,3.64493579601438));
#3262=CARTESIAN_POINT('',(-1.4388966538681,-1.80431933394616,3.67172151030009));
#3263=CARTESIAN_POINT('',(-0.976216461978772,-2.02713437098506,3.69850722458581));
#3264=CARTESIAN_POINT('',(-0.513536270089447,-2.24994940802396,3.72529293887152));
#3265=CARTESIAN_POINT('',(-2.20431467262402E-15,-2.24994940802396,3.75207865315723));
#3266=CARTESIAN_POINT('',(0.513536270089443,-2.24994940802396,3.77886436744295));
#3267=CARTESIAN_POINT('',(0.976216461978768,-2.02713437098506,3.80565008172866));
#3268=CARTESIAN_POINT('',(1.43889665386809,-1.80431933394617,3.83243579601438));
#3269=CARTESIAN_POINT('',(1.75908128115343,-1.40282051060103,3.85922151030009));
#3270=CARTESIAN_POINT('',(2.07926590843878,-1.0013216872559,3.88600722458581));
#3271=CARTESIAN_POINT('',(2.19353847887953,-0.50066084362795,3.91279293887152));
#3272=CARTESIAN_POINT('',(2.30781104932027,1.69718053910461E-15,3.93957865315723));
#3273=CARTESIAN_POINT('',(2.19353847887953,0.500660843627945,3.96636436744295));
#3274=CARTESIAN_POINT('',(2.07926590843878,1.00132168725589,3.99315008172866));
#3275=CARTESIAN_POINT('',(1.75908128115344,1.40282051060103,4.01993579601438));
#3276=CARTESIAN_POINT('',(1.43889665386809,1.80431933394617,4.04672151030009));
#3277=CARTESIAN_POINT('',(0.976216461978773,2.02713437098506,4.07350722458581));
#3278=CARTESIAN_POINT('',(0.513536270089455,2.24994940802395,4.10029293887152));
#3279=CARTESIAN_POINT('',(2.47985400670202E-15,2.24994940802396,4.12707865315723));
#3280=CARTESIAN_POINT('',(-0.51353627008945,2.24994940802396,4.15386436744295));
#3281=CARTESIAN_POINT('',(-0.976216461978768,2.02713437098506,4.18065008172866));
#3282=CARTESIAN_POINT('',(-1.43889665386809,1.80431933394617,4.20743579601438));
#3283=CARTESIAN_POINT('',(-1.75908128115343,1.40282051060103,4.23422151030009));
#3284=CARTESIAN_POINT('',(-2.07926590843878,1.00132168725589,4.26100722458581));
#3285=CARTESIAN_POINT('',(-2.19353847887953,0.50066084362795,4.28779293887152));
#3286=CARTESIAN_POINT('',(-2.30781104932027,6.78443668536115E-15,4.31457865315723));
#3287=CARTESIAN_POINT('',(-2.19353847887953,-0.500660843627945,4.34136436744295));
#3288=CARTESIAN_POINT('',(-2.07926590843878,-1.0013216872559,4.36815008172866));
#3289=CARTESIAN_POINT('',(-1.75908128115344,-1.40282051060103,4.39493579601438));
#3290=CARTESIAN_POINT('',(-1.4388966538681,-1.80431933394616,4.42172151030009));
#3291=CARTESIAN_POINT('',(-0.976216461978773,-2.02713437098506,4.44850722458581));
#3292=CARTESIAN_POINT('',(-0.513536270089448,-2.24994940802396,4.47529293887152));
#3293=CARTESIAN_POINT('',(-2.75539334078002E-15,-2.24994940802396,4.50207865315723));
#3294=CARTESIAN_POINT('',(0.513536270089442,-2.24994940802396,4.52886436744295));
#3295=CARTESIAN_POINT('',(0.976216461978768,-2.02713437098506,4.55565008172866));
#3296=CARTESIAN_POINT('',(1.43889665386809,-1.80431933394617,4.58243579601438));
#3297=CARTESIAN_POINT('',(1.75908128115343,-1.40282051060103,4.60922151030009));
#3298=CARTESIAN_POINT('',(2.07926590843878,-1.0013216872559,4.63600722458581));
#3299=CARTESIAN_POINT('',(2.19353847887952,-0.500660843627958,4.66279293887152));
#3300=CARTESIAN_POINT('',(2.30781104932027,1.13192985618722E-15,4.68957865315723));
#3301=CARTESIAN_POINT('',(2.19353847887953,0.500660843627944,4.71636436744295));
#3302=CARTESIAN_POINT('',(2.07926590843878,1.00132168725589,4.74315008172866));
#3303=CARTESIAN_POINT('',(1.75908128115343,1.40282051060103,4.76993579601438));
#3304=CARTESIAN_POINT('',(1.43889665386809,1.80431933394617,4.79672151030009));
#3305=CARTESIAN_POINT('',(0.976216461978773,2.02713437098506,4.82350722458581));
#3306=CARTESIAN_POINT('',(0.513536270089456,2.24994940802395,4.85029293887152));
#3307=CARTESIAN_POINT('',(1.10243587133538E-14,2.24994940802396,4.87707865315723));
#3308=CARTESIAN_POINT('',(-0.51353627008945,2.24994940802396,4.90386436744295));
#3309=CARTESIAN_POINT('',(-0.976216461978768,2.02713437098506,4.93065008172866));
#3310=CARTESIAN_POINT('',(-1.43889665386809,1.80431933394617,4.95743579601438));
#3311=CARTESIAN_POINT('',(-1.75908128115344,1.40282051060103,4.98422151030009));
#3312=CARTESIAN_POINT('',(-2.07926590843878,1.00132168725589,5.01100722458581));
#3313=CARTESIAN_POINT('',(-2.19353847887952,0.50066084362795,5.03779293887152));
#3314=CARTESIAN_POINT('',(-2.30781104932027,7.34968736827854E-15,5.06457865315723));
#3315=CARTESIAN_POINT('',(-2.19353847887953,-0.500660843627937,5.09136436744295));
#3316=CARTESIAN_POINT('',(-2.07926590843878,-1.0013216872559,5.11815008172866));
#3317=CARTESIAN_POINT('',(-1.75908128115344,-1.40282051060103,5.14493579601438));
#3318=CARTESIAN_POINT('',(-1.4388966538681,-1.80431933394616,5.17172151030009));
#3319=CARTESIAN_POINT('',(-0.976216461978766,-2.02713437098506,5.19850722458581));
#3320=CARTESIAN_POINT('',(-0.513536270089448,-2.24994940802396,5.22529293887152));
#3321=CARTESIAN_POINT('',(-3.30647200893602E-15,-2.24994940802396,5.25207865315723));
#3322=CARTESIAN_POINT('',(0.513536270089441,-2.24994940802396,5.27886436744295));
#3323=CARTESIAN_POINT('',(0.97621646197876,-2.02713437098507,5.30565008172866));
#3324=CARTESIAN_POINT('',(1.43889665386809,-1.80431933394617,5.33243579601438));
#3325=CARTESIAN_POINT('',(1.75908128115343,-1.40282051060103,5.35922151030009));
#3326=CARTESIAN_POINT('',(2.07926590843878,-1.0013216872559,5.38600722458581));
#3327=CARTESIAN_POINT('',(2.19353847887953,-0.500660843627943,5.41279293887152));
#3328=CARTESIAN_POINT('',(2.30781104932027,5.66679173269827E-16,5.43957865315723));
#3329=CARTESIAN_POINT('',(2.19353847887953,0.500660843627944,5.46636436744295));
#3330=CARTESIAN_POINT('',(2.07926590843878,1.00132168725589,5.49315008172866));
#3331=CARTESIAN_POINT('',(1.75908128115344,1.40282051060102,5.51993579601438));
#3332=CARTESIAN_POINT('',(1.43889665386809,1.80431933394617,5.54672151030009));
#3333=CARTESIAN_POINT('',(0.976216461978774,2.02713437098506,5.57350722458581));
#3334=CARTESIAN_POINT('',(0.513536270089456,2.24994940802395,5.60029293887152));
#3335=CARTESIAN_POINT('',(-4.41141469548177E-15,2.24994940802396,5.62707865315723));
#3336=CARTESIAN_POINT('',(-0.513536270089449,2.24994940802396,5.65386436744295));
#3337=CARTESIAN_POINT('',(-0.976216461978767,2.02713437098506,5.68065008172866));
#3338=CARTESIAN_POINT('',(-1.43889665386809,1.80431933394617,5.70743579601438));
#3339=CARTESIAN_POINT('',(-1.75908128115343,1.40282051060104,5.73422151030009));
#3340=CARTESIAN_POINT('',(-2.07926590843878,1.00132168725589,5.76100722458581));
#3341=CARTESIAN_POINT('',(-2.19353847887952,0.500660843627951,5.78779293887152));
#3342=CARTESIAN_POINT('',(-2.30781104932027,7.91493805119594E-15,5.81457865315723));
#3343=CARTESIAN_POINT('',(-2.19353847887952,-0.500660843627952,5.84136436744295));
#3344=CARTESIAN_POINT('',(-2.07926590843878,-1.0013216872559,5.86815008172866));
#3345=CARTESIAN_POINT('',(-1.75908128115344,-1.40282051060103,5.89493579601438));
#3346=CARTESIAN_POINT('',(-1.4388966538681,-1.80431933394616,5.92172151030009));
#3347=CARTESIAN_POINT('',(-0.976216461978781,-2.02713437098506,5.94850722458581));
#3348=CARTESIAN_POINT('',(-0.513536270089449,-2.24994940802396,5.97529293887152));
#3349=CARTESIAN_POINT('',(-3.85755067709203E-15,-2.24994940802396,6.00207865315723));
#3350=CARTESIAN_POINT('',(0.,-2.24994940802396,0.752078653157235));
#3351=CARTESIAN_POINT('',(0.513536270089449,-2.24994940802396,0.778864367442949));
#3352=CARTESIAN_POINT('',(0.97621646197877,-2.02713437098506,0.805650081728663));
#3353=CARTESIAN_POINT('',(1.43889665386809,-1.80431933394617,0.832435796014378));
#3354=CARTESIAN_POINT('',(1.75908128115344,-1.40282051060103,0.859221510300092));
#3355=CARTESIAN_POINT('',(2.07926590843878,-1.00132168725589,0.886007224585806));
#3356=CARTESIAN_POINT('',(2.19353847887953,-0.500660843627948,0.91279293887152));
#3357=CARTESIAN_POINT('',(2.30781104932027,-1.41312670729348E-16,0.939578653157235));
#3358=CARTESIAN_POINT('',(2.19353847887953,0.500660843627947,0.966364367442949));
#3359=CARTESIAN_POINT('',(2.07926590843878,1.00132168725589,0.993150081728663));
#3360=CARTESIAN_POINT('',(1.75908128115344,1.40282051060103,1.01993579601438));
#3361=CARTESIAN_POINT('',(1.43889665386809,1.80431933394617,1.04672151030009));
#3362=CARTESIAN_POINT('',(0.976216461978771,2.02713437098506,1.07350722458581));
#3363=CARTESIAN_POINT('',(0.513536270089449,2.24994940802396,1.10029293887152));
#3364=CARTESIAN_POINT('',(2.75539334078002E-16,2.24994940802396,1.12707865315723));
#3365=CARTESIAN_POINT('',(-0.513536270089448,2.24994940802396,1.15386436744295));
#3366=CARTESIAN_POINT('',(-0.97621646197877,2.02713437098506,1.18065008172866));
#3367=CARTESIAN_POINT('',(-1.43889665386809,1.80431933394617,1.20743579601438));
#3368=CARTESIAN_POINT('',(-1.75908128115344,1.40282051060103,1.23422151030009));
#3369=CARTESIAN_POINT('',(-2.07926590843878,1.0013216872559,1.26100722458581));
#3370=CARTESIAN_POINT('',(-2.19353847887953,0.500660843627948,1.28779293887152));
#3371=CARTESIAN_POINT('',(-2.30781104932027,4.23938012188045E-16,1.31457865315723));
#3372=CARTESIAN_POINT('',(-2.19353847887953,-0.500660843627947,1.34136436744295));
#3373=CARTESIAN_POINT('',(-2.07926590843878,-1.00132168725589,1.36815008172866));
#3374=CARTESIAN_POINT('',(-1.75908128115344,-1.40282051060103,1.39493579601438));
#3375=CARTESIAN_POINT('',(-1.43889665386809,-1.80431933394617,1.42172151030009));
#3376=CARTESIAN_POINT('',(-0.976216461978771,-2.02713437098506,1.44850722458581));
#3377=CARTESIAN_POINT('',(-0.513536270089449,-2.24994940802396,1.47529293887152));
#3378=CARTESIAN_POINT('',(0.,-2.24994940802396,1.50207865315723));
#3379=CARTESIAN_POINT('',(0.513536270089449,-2.24994940802396,1.52886436744295));
#3380=CARTESIAN_POINT('',(0.97621646197877,-2.02713437098506,1.55565008172866));
#3381=CARTESIAN_POINT('',(1.43889665386809,-1.80431933394617,1.58243579601438));
#3382=CARTESIAN_POINT('',(1.75908128115344,-1.40282051060103,1.60922151030009));
#3383=CARTESIAN_POINT('',(2.07926590843878,-1.00132168725589,1.63600722458581));
#3384=CARTESIAN_POINT('',(2.19353847887953,-0.500660843627948,1.66279293887152));
#3385=CARTESIAN_POINT('',(2.30781104932027,-1.41312670729348E-16,1.68957865315723));
#3386=CARTESIAN_POINT('',(2.19353847887953,0.500660843627947,1.71636436744295));
#3387=CARTESIAN_POINT('',(2.07926590843878,1.00132168725589,1.74315008172866));
#3388=CARTESIAN_POINT('',(1.75908128115344,1.40282051060103,1.76993579601438));
#3389=CARTESIAN_POINT('',(1.43889665386809,1.80431933394617,1.79672151030009));
#3390=CARTESIAN_POINT('',(0.976216461978771,2.02713437098506,1.82350722458581));
#3391=CARTESIAN_POINT('',(0.513536270089449,2.24994940802396,1.85029293887152));
#3392=CARTESIAN_POINT('',(2.75539334078002E-16,2.24994940802396,1.87707865315723));
#3393=CARTESIAN_POINT('',(-0.513536270089448,2.24994940802396,1.90386436744295));
#3394=CARTESIAN_POINT('',(-0.97621646197877,2.02713437098506,1.93065008172866));
#3395=CARTESIAN_POINT('',(-1.43889665386809,1.80431933394617,1.95743579601438));
#3396=CARTESIAN_POINT('',(-1.75908128115344,1.40282051060103,1.98422151030009));
#3397=CARTESIAN_POINT('',(-2.07926590843878,1.0013216872559,2.01100722458581));
#3398=CARTESIAN_POINT('',(-2.19353847887953,0.500660843627948,2.03779293887152));
#3399=CARTESIAN_POINT('',(-2.30781104932027,4.23938012188045E-16,2.06457865315723));
#3400=CARTESIAN_POINT('',(-2.19353847887953,-0.500660843627947,2.09136436744295));
#3401=CARTESIAN_POINT('',(-2.07926590843878,-1.00132168725589,2.11815008172866));
#3402=CARTESIAN_POINT('',(-1.75908128115344,-1.40282051060103,2.14493579601438));
#3403=CARTESIAN_POINT('',(-1.43889665386809,-1.80431933394617,2.17172151030009));
#3404=CARTESIAN_POINT('',(-0.976216461978771,-2.02713437098506,2.19850722458581));
#3405=CARTESIAN_POINT('',(-0.513536270089449,-2.24994940802396,2.22529293887152));
#3406=CARTESIAN_POINT('',(0.,-2.24994940802396,2.25207865315723));
#3407=CARTESIAN_POINT('',(0.513536270089449,-2.24994940802396,2.27886436744295));
#3408=CARTESIAN_POINT('',(0.97621646197877,-2.02713437098506,2.30565008172866));
#3409=CARTESIAN_POINT('',(1.43889665386809,-1.80431933394617,2.33243579601438));
#3410=CARTESIAN_POINT('',(1.75908128115344,-1.40282051060103,2.35922151030009));
#3411=CARTESIAN_POINT('',(2.07926590843878,-1.00132168725589,2.38600722458581));
#3412=CARTESIAN_POINT('',(2.19353847887953,-0.500660843627948,2.41279293887152));
#3413=CARTESIAN_POINT('',(2.30781104932027,-1.41312670729348E-16,2.43957865315723));
#3414=CARTESIAN_POINT('',(2.19353847887953,0.500660843627947,2.46636436744295));
#3415=CARTESIAN_POINT('',(2.07926590843878,1.00132168725589,2.49315008172866));
#3416=CARTESIAN_POINT('',(1.75908128115344,1.40282051060103,2.51993579601438));
#3417=CARTESIAN_POINT('',(1.43889665386809,1.80431933394617,2.54672151030009));
#3418=CARTESIAN_POINT('',(0.976216461978771,2.02713437098506,2.57350722458581));
#3419=CARTESIAN_POINT('',(0.513536270089449,2.24994940802396,2.60029293887152));
#3420=CARTESIAN_POINT('',(2.75539334078002E-16,2.24994940802396,2.62707865315723));
#3421=CARTESIAN_POINT('',(-0.513536270089448,2.24994940802396,2.65386436744295));
#3422=CARTESIAN_POINT('',(-0.97621646197877,2.02713437098506,2.68065008172866));
#3423=CARTESIAN_POINT('',(-1.43889665386809,1.80431933394617,2.70743579601438));
#3424=CARTESIAN_POINT('',(-1.75908128115344,1.40282051060103,2.73422151030009));
#3425=CARTESIAN_POINT('',(-2.07926590843878,1.0013216872559,2.76100722458581));
#3426=CARTESIAN_POINT('',(-2.19353847887953,0.500660843627948,2.78779293887152));
#3427=CARTESIAN_POINT('',(-2.30781104932027,4.23938012188045E-16,2.81457865315723));
#3428=CARTESIAN_POINT('',(-2.19353847887953,-0.500660843627947,2.84136436744295));
#3429=CARTESIAN_POINT('',(-2.07926590843878,-1.00132168725589,2.86815008172866));
#3430=CARTESIAN_POINT('',(-1.75908128115344,-1.40282051060103,2.89493579601438));
#3431=CARTESIAN_POINT('',(-1.43889665386809,-1.80431933394617,2.92172151030009));
#3432=CARTESIAN_POINT('',(-0.976216461978771,-2.02713437098506,2.94850722458581));
#3433=CARTESIAN_POINT('',(-0.513536270089449,-2.24994940802396,2.97529293887152));
#3434=CARTESIAN_POINT('',(0.,-2.24994940802396,3.00207865315723));
#3435=CARTESIAN_POINT('',(0.513536270089449,-2.24994940802396,3.02886436744295));
#3436=CARTESIAN_POINT('',(0.97621646197877,-2.02713437098506,3.05565008172866));
#3437=CARTESIAN_POINT('',(1.43889665386809,-1.80431933394617,3.08243579601438));
#3438=CARTESIAN_POINT('',(1.75908128115344,-1.40282051060103,3.10922151030009));
#3439=CARTESIAN_POINT('',(2.07926590843878,-1.00132168725589,3.13600722458581));
#3440=CARTESIAN_POINT('',(2.19353847887953,-0.500660843627948,3.16279293887152));
#3441=CARTESIAN_POINT('',(2.30781104932027,-1.41312670729348E-16,3.18957865315723));
#3442=CARTESIAN_POINT('',(2.19353847887953,0.500660843627947,3.21636436744295));
#3443=CARTESIAN_POINT('',(2.14391503002026,0.718075378662747,3.22799620103074));
#3444=CARTESIAN_POINT('',(2.05257789888177,0.921518479298957,3.23992288033577));
#3445=CARTESIAN_POINT('',(0.,-1.844,0.986453653157235));
#3446=CARTESIAN_POINT('',(0.420880966775437,-1.844,1.01323936744295));
#3447=CARTESIAN_POINT('',(0.800081614932777,-1.66138659241206,1.04002508172866));
#3448=CARTESIAN_POINT('',(1.17928226309012,-1.47877318482412,1.06681079601438));
#3449=CARTESIAN_POINT('',(1.44169725367105,-1.1497151946275,1.09359651030009));
#3450=CARTESIAN_POINT('',(1.70411224425198,-0.820657204430888,1.12038222458581));
#3451=CARTESIAN_POINT('',(1.79776707006328,-0.410328602215444,1.14716793887152));
#3452=CARTESIAN_POINT('',(1.89142189587459,-1.15816188531002E-16,1.17395365315723));
#3453=CARTESIAN_POINT('',(1.79776707006328,0.410328602215444,1.20073936744295));
#3454=CARTESIAN_POINT('',(1.70411224425198,0.820657204430887,1.22752508172866));
#3455=CARTESIAN_POINT('',(1.44169725367105,1.1497151946275,1.25431079601438));
#3456=CARTESIAN_POINT('',(1.17928226309012,1.47877318482412,1.28109651030009));
#3457=CARTESIAN_POINT('',(0.800081614932777,1.66138659241206,1.30788222458581));
#3458=CARTESIAN_POINT('',(0.420880966775437,1.844,1.33466793887152));
#3459=CARTESIAN_POINT('',(2.25824869762772E-16,1.844,1.36145365315723));
#3460=CARTESIAN_POINT('',(-0.420880966775436,1.844,1.38823936744295));
#3461=CARTESIAN_POINT('',(-0.800081614932777,1.66138659241206,1.41502508172866));
#3462=CARTESIAN_POINT('',(-1.17928226309012,1.47877318482412,1.44181079601438));
#3463=CARTESIAN_POINT('',(-1.44169725367105,1.14971519462751,1.46859651030009));
#3464=CARTESIAN_POINT('',(-1.70411224425198,0.820657204430888,1.49538222458581));
#3465=CARTESIAN_POINT('',(-1.79776707006328,0.410328602215444,1.52216793887152));
#3466=CARTESIAN_POINT('',(-1.89142189587459,3.47448565593005E-16,1.54895365315723));
#3467=CARTESIAN_POINT('',(-1.79776707006328,-0.410328602215443,1.57573936744295));
#3468=CARTESIAN_POINT('',(-1.70411224425198,-0.820657204430887,1.60252508172866));
#3469=CARTESIAN_POINT('',(-1.44169725367105,-1.1497151946275,1.62931079601438));
#3470=CARTESIAN_POINT('',(-1.17928226309012,-1.47877318482412,1.65609651030009));
#3471=CARTESIAN_POINT('',(-0.800081614932778,-1.66138659241206,1.68288222458581));
#3472=CARTESIAN_POINT('',(-0.420880966775437,-1.844,1.70966793887152));
#3473=CARTESIAN_POINT('',(0.,-1.844,1.73645365315723));
#3474=CARTESIAN_POINT('',(0.420880966775437,-1.844,1.76323936744295));
#3475=CARTESIAN_POINT('',(0.800081614932777,-1.66138659241206,1.79002508172866));
#3476=CARTESIAN_POINT('',(1.17928226309012,-1.47877318482412,1.81681079601438));
#3477=CARTESIAN_POINT('',(1.44169725367105,-1.1497151946275,1.84359651030009));
#3478=CARTESIAN_POINT('',(1.70411224425198,-0.820657204430888,1.87038222458581));
#3479=CARTESIAN_POINT('',(1.79776707006328,-0.410328602215444,1.89716793887152));
#3480=CARTESIAN_POINT('',(1.89142189587459,-1.15816188531002E-16,1.92395365315723));
#3481=CARTESIAN_POINT('',(1.79776707006328,0.410328602215444,1.95073936744295));
#3482=CARTESIAN_POINT('',(1.70411224425198,0.820657204430887,1.97752508172866));
#3483=CARTESIAN_POINT('',(1.44169725367105,1.1497151946275,2.00431079601438));
#3484=CARTESIAN_POINT('',(1.17928226309012,1.47877318482412,2.03109651030009));
#3485=CARTESIAN_POINT('',(0.800081614932777,1.66138659241206,2.05788222458581));
#3486=CARTESIAN_POINT('',(0.420880966775437,1.844,2.08466793887152));
#3487=CARTESIAN_POINT('',(2.25824869762772E-16,1.844,2.11145365315723));
#3488=CARTESIAN_POINT('',(-0.420880966775436,1.844,2.13823936744295));
#3489=CARTESIAN_POINT('',(-0.800081614932777,1.66138659241206,2.16502508172866));
#3490=CARTESIAN_POINT('',(-1.17928226309012,1.47877318482412,2.19181079601438));
#3491=CARTESIAN_POINT('',(-1.44169725367105,1.14971519462751,2.21859651030009));
#3492=CARTESIAN_POINT('',(-1.70411224425198,0.820657204430888,2.24538222458581));
#3493=CARTESIAN_POINT('',(-1.79776707006328,0.410328602215444,2.27216793887152));
#3494=CARTESIAN_POINT('',(-1.89142189587459,3.47448565593005E-16,2.29895365315723));
#3495=CARTESIAN_POINT('',(-1.79776707006328,-0.410328602215443,2.32573936744295));
#3496=CARTESIAN_POINT('',(-1.70411224425198,-0.820657204430887,2.35252508172866));
#3497=CARTESIAN_POINT('',(-1.44169725367105,-1.1497151946275,2.37931079601438));
#3498=CARTESIAN_POINT('',(-1.17928226309012,-1.47877318482412,2.40609651030009));
#3499=CARTESIAN_POINT('',(-0.800081614932778,-1.66138659241206,2.43288222458581));
#3500=CARTESIAN_POINT('',(-0.420880966775437,-1.844,2.45966793887152));
#3501=CARTESIAN_POINT('',(0.,-1.844,2.48645365315723));
#3502=CARTESIAN_POINT('',(0.420880966775437,-1.844,2.51323936744295));
#3503=CARTESIAN_POINT('',(0.800081614932777,-1.66138659241206,2.54002508172866));
#3504=CARTESIAN_POINT('',(1.17928226309012,-1.47877318482412,2.56681079601438));
#3505=CARTESIAN_POINT('',(1.44169725367105,-1.1497151946275,2.59359651030009));
#3506=CARTESIAN_POINT('',(1.70411224425198,-0.820657204430888,2.62038222458581));
#3507=CARTESIAN_POINT('',(1.79776707006328,-0.410328602215444,2.64716793887152));
#3508=CARTESIAN_POINT('',(1.89142189587459,-1.15816188531002E-16,2.67395365315723));
#3509=CARTESIAN_POINT('',(1.79776707006328,0.410328602215444,2.70073936744295));
#3510=CARTESIAN_POINT('',(1.70411224425198,0.820657204430887,2.72752508172866));
#3511=CARTESIAN_POINT('',(1.44169725367105,1.1497151946275,2.75431079601438));
#3512=CARTESIAN_POINT('',(1.17928226309012,1.47877318482412,2.78109651030009));
#3513=CARTESIAN_POINT('',(0.800081614932777,1.66138659241206,2.80788222458581));
#3514=CARTESIAN_POINT('',(0.420880966775437,1.844,2.83466793887152));
#3515=CARTESIAN_POINT('',(2.25824869762772E-16,1.844,2.86145365315723));
#3516=CARTESIAN_POINT('',(-0.420880966775436,1.844,2.88823936744295));
#3517=CARTESIAN_POINT('',(-0.800081614932777,1.66138659241206,2.91502508172866));
#3518=CARTESIAN_POINT('',(-1.17928226309012,1.47877318482412,2.94181079601438));
#3519=CARTESIAN_POINT('',(-1.44169725367105,1.14971519462751,2.96859651030009));
#3520=CARTESIAN_POINT('',(-1.70411224425198,0.820657204430888,2.99538222458581));
#3521=CARTESIAN_POINT('',(-1.79776707006328,0.410328602215444,3.02216793887152));
#3522=CARTESIAN_POINT('',(-1.89142189587459,3.47448565593005E-16,3.04895365315723));
#3523=CARTESIAN_POINT('',(-1.79776707006328,-0.410328602215443,3.07573936744295));
#3524=CARTESIAN_POINT('',(-1.70411224425198,-0.820657204430887,3.10252508172866));
#3525=CARTESIAN_POINT('',(-1.44169725367105,-1.1497151946275,3.12931079601438));
#3526=CARTESIAN_POINT('',(-1.17928226309012,-1.47877318482412,3.15609651030009));
#3527=CARTESIAN_POINT('',(-0.800081614932778,-1.66138659241206,3.18288222458581));
#3528=CARTESIAN_POINT('',(-0.420880966775437,-1.844,3.20966793887152));
#3529=CARTESIAN_POINT('',(0.,-1.844,3.23645365315723));
#3530=CARTESIAN_POINT('',(0.420880966775437,-1.844,3.26323936744295));
#3531=CARTESIAN_POINT('',(0.800081614932777,-1.66138659241206,3.29002508172866));
#3532=CARTESIAN_POINT('',(1.17928226309012,-1.47877318482412,3.31681079601438));
#3533=CARTESIAN_POINT('',(1.44169725367105,-1.1497151946275,3.34359651030009));
#3534=CARTESIAN_POINT('',(1.70411224425198,-0.820657204430888,3.37038222458581));
#3535=CARTESIAN_POINT('',(1.79776707006328,-0.410328602215444,3.39716793887152));
#3536=CARTESIAN_POINT('',(1.89142189587459,-1.15816188531002E-16,3.42395365315723));
#3537=CARTESIAN_POINT('',(1.79776707006328,0.410328602215444,3.45073936744295));
#3538=CARTESIAN_POINT('',(1.7570969823848,0.588515898860606,3.46237120103074));
#3539=CARTESIAN_POINT('',(1.68223944593588,0.755252571354344,3.47429788033577));
#3540=CARTESIAN_POINT('',(-3.19968349727788,-17.6980326408757,-3.125));
#3541=CARTESIAN_POINT('',(-3.19968349727788,-3.9,-3.125));
#3542=CARTESIAN_POINT('',(-3.19968349727788,-3.9,-3.125));
#3543=CARTESIAN_POINT('',(-3.19968349727788,-3.9,-3.125));
#3544=CARTESIAN_POINT('',(-3.19968349727788,-3.9,-3.125));
#3545=CARTESIAN_POINT('',(-3.19968349727788,-3.9,-3.225));
#3546=CARTESIAN_POINT('',(-3.19968349727789,-3.9,1.97753564459444));
#3547=CARTESIAN_POINT('',(4.,-3.9,-3.125));
#3548=CARTESIAN_POINT('',(-3.9,-3.9,-3.125));
#3549=CARTESIAN_POINT('',(-3.9,-4.,-3.125));
#3550=CARTESIAN_POINT('',(-3.9,-3.9,-3.125));
#3551=CARTESIAN_POINT('',(-2.59968349727789,-3.9,1.97753564459444));
#3552=CARTESIAN_POINT('',(-2.59968349727789,-3.9,2.57753564459445));
#3553=CARTESIAN_POINT('',(-3.9,-3.9,-3.125));
#3554=CARTESIAN_POINT('',(-3.9,-3.9,-3.125));
#3555=CARTESIAN_POINT('',(2.43548513763038,-3.9,2.57753564459444));
#3556=CARTESIAN_POINT('',(2.43548513763038,-3.9,2.57753564459444));
#3557=CARTESIAN_POINT('',(-3.9,-3.9,3.225));
#3558=CARTESIAN_POINT('',(-3.9,-3.9,2.225));
#3559=CARTESIAN_POINT('',(2.43548513763038,-3.9,1.97753564459444));
#3560=CARTESIAN_POINT('',(3.03548513763038,-3.9,1.97753564459444));
#3561=CARTESIAN_POINT('',(-3.,-3.9,2.225));
#3562=CARTESIAN_POINT('',(-3.,-3.9,3.125));
#3563=CARTESIAN_POINT('',(3.03548513763038,-17.6980326408757,-3.125));
#3564=CARTESIAN_POINT('',(3.03548513763038,-3.9,-3.125));
#3565=CARTESIAN_POINT('',(3.03548513763038,-3.9,-3.225));
#3566=CARTESIAN_POINT('',(3.03548513763038,-3.9,-3.125));
#3567=CARTESIAN_POINT('',(4.,-3.9,3.125));
#3568=CARTESIAN_POINT('',(3.,-3.9,3.125));
#3569=CARTESIAN_POINT('',(3.03548513763038,-3.9,-3.125));
#3570=CARTESIAN_POINT('',(3.03548513763038,-3.9,-3.125));
#3571=CARTESIAN_POINT('',(3.,-3.9,2.225));
#3572=CARTESIAN_POINT('',(3.9,-3.9,2.225));
#3573=CARTESIAN_POINT('',(4.,-3.9,-3.125));
#3574=CARTESIAN_POINT('',(3.9,-3.9,-3.125));
#3575=CARTESIAN_POINT('',(3.9,-3.9,6.12303176911189E-18));
#3576=CARTESIAN_POINT('',(3.9,-3.9,-3.125));
#3577=CARTESIAN_POINT('',(3.9,-3.9,-3.125));
#3578=CARTESIAN_POINT('',(3.9,-3.9,-3.125));
#3579=CARTESIAN_POINT('',(3.9,0.,-3.125));
#3580=CARTESIAN_POINT('',(-3.19968349727788,-17.6980326408757,-3.125));
#3581=CARTESIAN_POINT('',(-3.19968349727788,3.9,-3.125));
#3582=CARTESIAN_POINT('',(-3.19968349727788,3.9,-3.125));
#3583=CARTESIAN_POINT('',(-3.19968349727788,3.9,-3.125));
#3584=CARTESIAN_POINT('',(-3.19968349727788,3.9,-3.125));
#3585=CARTESIAN_POINT('',(-3.9,3.26,-3.125));
#3586=CARTESIAN_POINT('',(-3.9,3.9,-3.125));
#3587=CARTESIAN_POINT('',(4.,3.9,-3.125));
#3588=CARTESIAN_POINT('',(-3.9,3.9,-3.125));
#3589=CARTESIAN_POINT('',(-3.19968349727788,3.9,-3.225));
#3590=CARTESIAN_POINT('',(-3.19968349727789,3.9,1.97753564459444));
#3591=CARTESIAN_POINT('',(-3.9,3.9,-3.125));
#3592=CARTESIAN_POINT('',(-3.9,3.9,-3.125));
#3593=CARTESIAN_POINT('',(-2.59968349727789,3.9,1.97753564459444));
#3594=CARTESIAN_POINT('',(-2.59968349727789,3.9,2.57753564459445));
#3595=CARTESIAN_POINT('',(-3.9,3.9,-3.225));
#3596=CARTESIAN_POINT('',(-3.9,3.9,2.225));
#3597=CARTESIAN_POINT('',(2.43548513763038,3.9,2.57753564459444));
#3598=CARTESIAN_POINT('',(2.43548513763038,3.9,2.57753564459444));
#3599=CARTESIAN_POINT('',(-3.,3.9,2.225));
#3600=CARTESIAN_POINT('',(-3.,3.9,3.125));
#3601=CARTESIAN_POINT('',(2.43548513763038,3.9,1.97753564459444));
#3602=CARTESIAN_POINT('',(3.03548513763038,3.9,1.97753564459444));
#3603=CARTESIAN_POINT('',(4.,3.9,3.125));
#3604=CARTESIAN_POINT('',(3.,3.9,3.125));
#3605=CARTESIAN_POINT('',(3.03548513763038,3.9,-3.225));
#3606=CARTESIAN_POINT('',(3.03548513763038,3.9,-3.125));
#3607=CARTESIAN_POINT('',(3.03548513763038,-17.6980326408757,-3.125));
#3608=CARTESIAN_POINT('',(3.03548513763038,3.9,-3.125));
#3609=CARTESIAN_POINT('',(3.,3.9,2.225));
#3610=CARTESIAN_POINT('',(3.9,3.9,2.225));
#3611=CARTESIAN_POINT('',(3.03548513763038,3.9,-3.125));
#3612=CARTESIAN_POINT('',(3.03548513763038,3.9,-3.125));
#3613=CARTESIAN_POINT('',(3.9,3.9,6.12303176911189E-18));
#3614=CARTESIAN_POINT('',(3.9,3.9,-3.125));
#3615=CARTESIAN_POINT('',(4.,3.9,-3.125));
#3616=CARTESIAN_POINT('',(3.9,3.9,-3.125));
#3617=CARTESIAN_POINT('',(3.9,3.9,-3.125));
#3618=CARTESIAN_POINT('',(3.9,3.9,-3.125));
#3619=CARTESIAN_POINT('',(3.9,0.,-3.125));
#3620=MECHANICAL_DESIGN_GEOMETRIC_PRESENTATION_REPRESENTATION('',(#1403),
#3621);
#3621=(
GEOMETRIC_REPRESENTATION_CONTEXT(3)
GLOBAL_UNCERTAINTY_ASSIGNED_CONTEXT((#3622))
GLOBAL_UNIT_ASSIGNED_CONTEXT((#3625,#3624,#3623))
REPRESENTATION_CONTEXT('7767','TOP_LEVEL_ASSEMBLY_PART')
);
#3622=UNCERTAINTY_MEASURE_WITH_UNIT(LENGTH_MEASURE(0.005),#3625,
'DISTANCE_ACCURACY_VALUE','Maximum Tolerance applied to model');
#3623=(
NAMED_UNIT(*)
SI_UNIT($,.STERADIAN.)
SOLID_ANGLE_UNIT()
);
#3624=(
NAMED_UNIT(*)
PLANE_ANGLE_UNIT()
SI_UNIT($,.RADIAN.)
);
#3625=(
LENGTH_UNIT()
NAMED_UNIT(*)
SI_UNIT(.MILLI.,.METRE.)
);
#3626=PRODUCT_DEFINITION_SHAPE('','',#3627);
#3627=PRODUCT_DEFINITION('','',#3629,#3628);
#3628=PRODUCT_DEFINITION_CONTEXT('',#3635,'design');
#3629=PRODUCT_DEFINITION_FORMATION_WITH_SPECIFIED_SOURCE('','',#3631,
 .NOT_KNOWN.);
#3630=PRODUCT_RELATED_PRODUCT_CATEGORY('','',(#3631));
#3631=PRODUCT('7767','7767','7767',(#3633));
#3632=PRODUCT_CATEGORY('','');
#3633=PRODUCT_CONTEXT('',#3635,'mechanical');
#3634=APPLICATION_PROTOCOL_DEFINITION('international standard',
'automotive_design',2010,#3635);
#3635=APPLICATION_CONTEXT(
'core data for automotive mechanical design processes');
ENDSEC;
END-ISO-10303-21;
